Series Name,Series Code,Country Name,Country Code,1981M01,1981M02,1981M03,1981M04,1981M05,1981M06,1981M07,1981M08,1981M09,1981M10,1981M11,1981M12,1982M01,1982M02,1982M03,1982M04,1982M05,1982M06,1982M07,1982M08,1982M09,1982M10,1982M11,1982M12,1983M01,1983M02,1983M03,1983M04,1983M05,1983M06,1983M07,1983M08,1983M09,1983M10,1983M11,1983M12,1984M01,1984M02,1984M03,1984M04,1984M05,1984M06,1984M07,1984M08,1984M09,1984M10,1984M11,1984M12,1985M01,1985M02,1985M03,1985M04,1985M05,1985M06,1985M07,1985M08,1985M09,1985M10,1985M11,1985M12,1986M01,1986M02,1986M03,1986M04,1986M05,1986M06,1986M07,1986M08,1986M09,1986M10,1986M11,1986M12,1987M01,1987M02,1987M03,1987M04,1987M05,1987M06,1987M07,1987M08,1987M09,1987M10,1987M11,1987M12,1988M01,1988M02,1988M03,1988M04,1988M05,1988M06,1988M07,1988M08,1988M09,1988M10,1988M11,1988M12,1989M01,1989M02,1989M03,1989M04,1989M05,1989M06,1989M07,1989M08,1989M09,1989M10,1989M11,1989M12,1990M01,1990M02,1990M03,1990M04,1990M05,1990M06,1990M07,1990M08,1990M09,1990M10,1990M11,1990M12,1991M01,1991M02,1991M03,1991M04,1991M05,1991M06,1991M07,1991M08,1991M09,1991M10,1991M11,1991M12,1992M01,1992M02,1992M03,1992M04,1992M05,1992M06,1992M07,1992M08,1992M09,1992M10,1992M11,1992M12,1993M01,1993M02,1993M03,1993M04,1993M05,1993M06,1993M07,1993M08,1993M09,1993M10,1993M11,1993M12,1994M01,1994M02,1994M03,1994M04,1994M05,1994M06,1994M07,1994M08,1994M09,1994M10,1994M11,1994M12,1995M01,1995M02,1995M03,1995M04,1995M05,1995M06,1995M07,1995M08,1995M09,1995M10,1995M11,1995M12,1996M01,1996M02,1996M03,1996M04,1996M05,1996M06,1996M07,1996M08,1996M09,1996M10,1996M11,1996M12,1997M01,1997M02,1997M03,1997M04,1997M05,1997M06,1997M07,1997M08,1997M09,1997M10,1997M11,1997M12,1998M01,1998M02,1998M03,1998M04,1998M05,1998M06,1998M07,1998M08,1998M09,1998M10,1998M11,1998M12,1999M01,1999M02,1999M03,1999M04,1999M05,1999M06,1999M07,1999M08,1999M09,1999M10,1999M11,1999M12,2000M01,2000M02,2000M03,2000M04,2000M05,2000M06,2000M07,2000M08,2000M09,2000M10,2000M11,2000M12,2001M01,2001M02,2001M03,2001M04,2001M05,2001M06,2001M07,2001M08,2001M09,2001M10,2001M11,2001M12,2002M01,2002M02,2002M03,2002M04,2002M05,2002M06,2002M07,2002M08,2002M09,2002M10,2002M11,2002M12,2003M01,2003M02,2003M03,2003M04,2003M05,2003M06,2003M07,2003M08,2003M09,2003M10,2003M11,2003M12,2004M01,2004M02,2004M03,2004M04,2004M05,2004M06,2004M07,2004M08,2004M09,2004M10,2004M11,2004M12,2005M01,2005M02,2005M03,2005M04,2005M05,2005M06,2005M07,2005M08,2005M09,2005M10,2005M11,2005M12,2006M01,2006M02,2006M03,2006M04,2006M05,2006M06,2006M07,2006M08,2006M09,2006M10,2006M11,2006M12,2007M01,2007M02,2007M03,2007M04,2007M05,2007M06,2007M07,2007M08,2007M09,2007M10,2007M11,2007M12,2008M01,2008M02,2008M03,2008M04,2008M05,2008M06,2008M07,2008M08,2008M09,2008M10,2008M11,2008M12,2009M01,2009M02,2009M03,2009M04,2009M05,2009M06,2009M07,2009M08,2009M09,2009M10,2009M11,2009M12,2010M01,2010M02,2010M03,2010M04,2010M05,2010M06,2010M07,2010M08,2010M09,2010M10,2010M11,2010M12,2011M01,2011M02,2011M03,2011M04,2011M05,2011M06,2011M07,2011M08,2011M09,2011M10,2011M11,2011M12,2012M01,2012M02,2012M03,2012M04,2012M05,2012M06,2012M07,2012M08,2012M09,2012M10,2012M11,2012M12,2013M01,2013M02,2013M03,2013M04,2013M05,2013M06,2013M07,2013M08,2013M09,2013M10,2013M11,2013M12,2014M01,2014M02,2014M03,2014M04,2014M05,2014M06,2014M07,2014M08,2014M09,2014M10,2014M11,2014M12,2015M01,2015M02,2015M03,2015M04,2015M05,2015M06,2015M07,2015M08,2015M09,2015M10,2015M11,2015M12,2016M01,2016M02,2016M03,2016M04,2016M05,2016M06,2016M07,2016M08,2016M09,2016M10,2016M11,2016M12,2017M01,2017M02,2017M03,2017M04,2017M05,2017M06,2017M07,2017M08,2017M09,2017M10,2017M11,2017M12,2018M01,2018M02,2018M03,2018M04,2018M05,2018M06,2018M07,2018M08,2018M09,2018M10,2018M11,2018M12,2019M01,2019M02,2019M03,2019M04,2019M05,2019M06,2019M07,2019M08,2019M09,2019M10,2019M11,2019M12,2020M01,2020M02,2020M03
,,中間60%所得家庭#一.食物類,中間60%所得家庭#一.食物類(民國105年=100),..,..,..,..,..,..,..,..,..,..,..,..,..,..,..,..,..,..,..,..,..,..,..,..,..,..,..,..,..,..,..,..,..,..,..,..,..,..,..,..,..,..,..,..,..,..,..,..,..,..,..,..,..,..,..,..,..,..,..,..,..,..,..,..,..,..,..,..,..,..,..,..,..,..,..,..,..,..,..,..,..,..,..,..,..,..,..,..,..,..,..,..,..,..,..,..,..,..,..,..,..,..,..,..,..,..,..,..,..,..,..,..,..,..,..,..,..,..,..,..,..,..,..,..,..,..,..,..,..,..,..,..,..,..,..,..,..,..,..,..,..,..,..,..,..,..,..,..,..,..,..,..,..,..,..,..,..,..,..,..,..,..,..,..,..,..,..,..,..,..,..,..,..,..,..,..,..,..,..,..,..,..,..,..,..,..,..,..,..,..,..,..,..,..,..,..,..,..,..,..,..,..,..,..,..,..,..,..,..,..,..,..,..,..,..,..,..,..,..,..,..,..,..,..,..,..,..,..,..,..,..,..,..,..,..,..,..,..,..,..,..,..,..,..,..,..,..,..,..,..,..,..,..,..,..,..,..,..,..,..,..,..,..,..,..,..,..,..,..,..,..,..,..,..,..,..,..,..,..,..,..,..,..,..,..,..,..,..,..,..,..,..,..,..,..,..,..,..,..,..,..,..,..,..,..,..,..,..,..,..,..,..,..,..,..,..,..,..,..,..,..,..,..,..,76.96,78.62,77.81,78.71,78.88,81.76,82.3,84.34,83.77,88.37,87.42,83.67,81.18,79.32,79.94,80.21,81.4,80.06,80.45,85.57,84.85,84.11,81.47,80.58,80.88,80.58,80.6,81.23,81.2,81.51,82.26,82.85,83.33,84.64,84.76,82.58,82.75,82.92,82.22,82.74,83.57,84.17,83.57,84.31,85,85.62,85.81,87.26,86.73,84.78,84.89,84.67,86.77,88.04,88.91,91.66,90.58,89.21,87.71,88.74,88.64,87.28,85.96,86.63,88,88.42,87.79,88.52,92.74,91.9,90.14,89.98,89.59,89.58,90.89,91.16,91.87,91.88,91.63,93.51,94.16,95.06,93.52,93.92,93.63,92.43,92.25,92.54,92.72,93.62,93.28,96.39,99.61,99.82,98.33,96.69,96.13,100.09,100.05,99.79,98.01,97.82,98.3,98.82,100.48,105,104.57,100.94,98.96,99.35,98.34,97.46,98.05,99.99,99.57,100.24,100.38,101.12,101.92,101.12,99.87,100.41,99.72,100.09,99.79,99.87,100.47,101.01,102.87,102.6,101.45,100.48,100.64,101.23,101.14,101.45,102.34,103.18,102.12,103.35,104.85,104.27,103.35,103.47,103.26,103.05,102.81
,,中間60%所得家庭#七.雜項類,中間60%所得家庭#七.雜項類(民國105年=100),..,..,..,..,..,..,..,..,..,..,..,..,..,..,..,..,..,..,..,..,..,..,..,..,..,..,..,..,..,..,..,..,..,..,..,..,..,..,..,..,..,..,..,..,..,..,..,..,..,..,..,..,..,..,..,..,..,..,..,..,..,..,..,..,..,..,..,..,..,..,..,..,..,..,..,..,..,..,..,..,..,..,..,..,..,..,..,..,..,..,..,..,..,..,..,..,..,..,..,..,..,..,..,..,..,..,..,..,..,..,..,..,..,..,..,..,..,..,..,..,..,..,..,..,..,..,..,..,..,..,..,..,..,..,..,..,..,..,..,..,..,..,..,..,..,..,..,..,..,..,..,..,..,..,..,..,..,..,..,..,..,..,..,..,..,..,..,..,..,..,..,..,..,..,..,..,..,..,..,..,..,..,..,..,..,..,..,..,..,..,..,..,..,..,..,..,..,..,..,..,..,..,..,..,..,..,..,..,..,..,..,..,..,..,..,..,..,..,..,..,..,..,..,..,..,..,..,..,..,..,..,..,..,..,..,..,..,..,..,..,..,..,..,..,..,..,..,..,..,..,..,..,..,..,..,..,..,..,..,..,..,..,..,..,..,..,..,..,..,..,..,..,..,..,..,..,..,..,..,..,..,..,..,..,..,..,..,..,..,..,..,..,..,..,..,..,..,..,..,..,..,..,..,..,..,..,..,..,..,..,..,..,..,..,..,..,..,..,..,..,..,..,..,..,85.85,89.52,87,87.34,86.96,87.71,87.6,86.99,87.54,86.93,86.88,87.24,90.32,88.03,88.09,88.18,88.11,88.95,89.84,90.79,91.35,90.92,91.45,91.8,91.25,95.29,92.14,92.94,91.52,93.39,92.86,92.61,92.43,91.64,92.57,92.59,91.7,96.23,93.38,93.62,93.49,94.41,93.75,94.04,94.22,93.77,94.22,93.65,97.99,94.88,94.8,96.01,95.53,95.96,95.8,95.69,96.14,95.53,96.15,96.69,96.48,99.78,96.51,96.92,96.43,96.99,96.5,96.74,96.99,95.98,96.26,97.1,100.92,97.87,98.12,98.47,98.28,98.76,98.02,97.89,98.39,97.45,97.69,97.75,97.96,101.5,98.54,98.59,98.58,98.93,98.17,98.27,98.45,97.42,98.38,98.7,98.24,102.79,99.48,99.61,100.18,100.48,99.92,99.76,100.34,99.49,99.76,99.94,103.2,100.65,101.04,101.89,102.25,100.68,100.57,100.62,101.62,103.05,104.76,106.32,106.97,110.25,107.9,108.35,108.73,108.91,108.19,107.45,107.4,106.65,106.96,107.4,107.6,110.88,108.58,108.75,108.57,108.38,107.85,107.91,108.49,107.82,108.01,108.4,110.88,109.06,109.16
,,中間60%所得家庭#二.衣著類,中間60%所得家庭#二.衣著類(民國105年=100),..,..,..,..,..,..,..,..,..,..,..,..,..,..,..,..,..,..,..,..,..,..,..,..,..,..,..,..,..,..,..,..,..,..,..,..,..,..,..,..,..,..,..,..,..,..,..,..,..,..,..,..,..,..,..,..,..,..,..,..,..,..,..,..,..,..,..,..,..,..,..,..,..,..,..,..,..,..,..,..,..,..,..,..,..,..,..,..,..,..,..,..,..,..,..,..,..,..,..,..,..,..,..,..,..,..,..,..,..,..,..,..,..,..,..,..,..,..,..,..,..,..,..,..,..,..,..,..,..,..,..,..,..,..,..,..,..,..,..,..,..,..,..,..,..,..,..,..,..,..,..,..,..,..,..,..,..,..,..,..,..,..,..,..,..,..,..,..,..,..,..,..,..,..,..,..,..,..,..,..,..,..,..,..,..,..,..,..,..,..,..,..,..,..,..,..,..,..,..,..,..,..,..,..,..,..,..,..,..,..,..,..,..,..,..,..,..,..,..,..,..,..,..,..,..,..,..,..,..,..,..,..,..,..,..,..,..,..,..,..,..,..,..,..,..,..,..,..,..,..,..,..,..,..,..,..,..,..,..,..,..,..,..,..,..,..,..,..,..,..,..,..,..,..,..,..,..,..,..,..,..,..,..,..,..,..,..,..,..,..,..,..,..,..,..,..,..,..,..,..,..,..,..,..,..,..,..,..,..,..,..,..,..,..,..,..,..,..,..,..,..,..,..,..,93.59,88.57,86.24,98.1,99.14,96.31,92.87,88.74,86.58,98.55,101.41,97.49,91.78,86.82,84.58,96.96,97.64,94.42,90.71,87.22,85.18,100.19,101.05,98.07,93.31,88.69,85.59,96.83,97.49,95.36,92.7,89.3,87.02,99.68,102.33,100.01,94.81,91.07,88.73,99.3,100.68,98.55,95.98,91.71,89.17,107.16,106.36,103.44,97.34,93.03,90.35,105.05,102.67,99.97,96.58,93.54,91.93,109.36,106.93,104.36,99.42,95.5,94.08,103.71,102.21,100.1,97.15,93.52,92.28,106.17,104.28,101.5,98.09,94.75,92.91,105.18,104.07,102.21,99.57,95.97,95.16,108.12,105.26,102.64,99.25,95.35,93.73,104.55,102.79,100.54,97.82,95.23,94.45,106.8,104.51,101.83,97.61,94.52,93.71,104.76,102.96,100.6,98.29,96.5,95.81,107.76,104.92,102.55,97.77,94.72,94.01,103.81,102.62,100.9,98.17,95.11,94.5,107.23,104.79,102.66,99.54,96.53,95.64,104.22,102.36,100.79,98.57,96.52,96.24,105.24,103.67,101.47,97.96,95.22,95.07,102.25,101.32,99.27,97.34,95.74,95.36,106.31,103.94,102.26,99.21,97.15,96
,,中間60%所得家庭#三.居住類,中間60%所得家庭#三.居住類(民國105年=100),..,..,..,..,..,..,..,..,..,..,..,..,..,..,..,..,..,..,..,..,..,..,..,..,..,..,..,..,..,..,..,..,..,..,..,..,..,..,..,..,..,..,..,..,..,..,..,..,..,..,..,..,..,..,..,..,..,..,..,..,..,..,..,..,..,..,..,..,..,..,..,..,..,..,..,..,..,..,..,..,..,..,..,..,..,..,..,..,..,..,..,..,..,..,..,..,..,..,..,..,..,..,..,..,..,..,..,..,..,..,..,..,..,..,..,..,..,..,..,..,..,..,..,..,..,..,..,..,..,..,..,..,..,..,..,..,..,..,..,..,..,..,..,..,..,..,..,..,..,..,..,..,..,..,..,..,..,..,..,..,..,..,..,..,..,..,..,..,..,..,..,..,..,..,..,..,..,..,..,..,..,..,..,..,..,..,..,..,..,..,..,..,..,..,..,..,..,..,..,..,..,..,..,..,..,..,..,..,..,..,..,..,..,..,..,..,..,..,..,..,..,..,..,..,..,..,..,..,..,..,..,..,..,..,..,..,..,..,..,..,..,..,..,..,..,..,..,..,..,..,..,..,..,..,..,..,..,..,..,..,..,..,..,..,..,..,..,..,..,..,..,..,..,..,..,..,..,..,..,..,..,..,..,..,..,..,..,..,..,..,..,..,..,..,..,..,..,..,..,..,..,..,..,..,..,..,..,..,..,..,..,..,..,..,..,..,..,..,..,..,..,..,..,..,96.28,96.77,96.58,96.67,96.79,98.34,98.68,98.75,98.83,98.24,97.91,97.27,97.28,97.04,97,96.84,96.81,97.92,98.04,98.07,97.05,97.04,97.12,97.06,97.19,97.49,97.3,97.36,97.38,98.44,98.45,98.35,98.46,97.4,97.44,97.64,97.63,97.98,97.83,97.96,98.07,99.28,99.37,99.46,99.52,98.51,98.54,98.55,98.79,98.71,98.89,98.9,98.89,100.36,100.54,100.76,101.01,99.9,99.88,99.9,99.87,100,100.13,100.13,100.13,101.29,101.34,101.42,101.56,100.54,100.68,100.76,100.62,100.75,100.86,100.89,100.9,102.49,102.58,102.94,102.97,101.4,101.27,101.02,98.32,98.42,100.38,99.71,100.08,101.59,101.76,101.71,101.65,99.92,100.06,100.07,99.91,99.87,99.93,99.17,99.17,100.74,100.8,100.78,100.86,99.55,99.6,99.61,99.83,99.92,100.08,100.12,100.14,101.71,101.7,101.91,102.11,100.85,100.96,100.94,100.91,100.96,101.04,101.1,101.29,102.59,102.63,102.72,102.85,101.74,101.71,101.65,101.56,101.83,101.96,102.08,102.21,103.28,103.21,103.2,103.21,102.08,102.07,102.14,102.32,102.37,102.46
,,中間60%所得家庭#五.醫藥保健類,中間60%所得家庭#五.醫藥保健類(民國105年=100),..,..,..,..,..,..,..,..,..,..,..,..,..,..,..,..,..,..,..,..,..,..,..,..,..,..,..,..,..,..,..,..,..,..,..,..,..,..,..,..,..,..,..,..,..,..,..,..,..,..,..,..,..,..,..,..,..,..,..,..,..,..,..,..,..,..,..,..,..,..,..,..,..,..,..,..,..,..,..,..,..,..,..,..,..,..,..,..,..,..,..,..,..,..,..,..,..,..,..,..,..,..,..,..,..,..,..,..,..,..,..,..,..,..,..,..,..,..,..,..,..,..,..,..,..,..,..,..,..,..,..,..,..,..,..,..,..,..,..,..,..,..,..,..,..,..,..,..,..,..,..,..,..,..,..,..,..,..,..,..,..,..,..,..,..,..,..,..,..,..,..,..,..,..,..,..,..,..,..,..,..,..,..,..,..,..,..,..,..,..,..,..,..,..,..,..,..,..,..,..,..,..,..,..,..,..,..,..,..,..,..,..,..,..,..,..,..,..,..,..,..,..,..,..,..,..,..,..,..,..,..,..,..,..,..,..,..,..,..,..,..,..,..,..,..,..,..,..,..,..,..,..,..,..,..,..,..,..,..,..,..,..,..,..,..,..,..,..,..,..,..,..,..,..,..,..,..,..,..,..,..,..,..,..,..,..,..,..,..,..,..,..,..,..,..,..,..,..,..,..,..,..,..,..,..,..,..,..,..,..,..,..,..,..,..,..,..,..,..,..,..,..,..,..,92.88,92.89,93.21,93.4,93.44,93.35,93.41,93.69,93.8,93.83,93.95,93.94,93.54,93.76,93.79,93.83,93.71,94.53,94.65,94.48,94.35,94.09,94.07,94.15,94.24,94.17,94.29,94.62,94.54,94.52,94.4,94.42,95.14,95.18,95.34,95.55,95.51,95.69,95.99,96.51,96.58,96.88,96.93,97.04,97.01,97.02,97.05,97,96.94,96.71,96.86,97.19,97.12,97.39,97.35,97.26,97.35,97.57,97.68,98.04,97.65,97.83,98.16,98.09,98.2,98.4,98.4,98.43,98.41,98.12,98.32,98.47,98.33,98.61,98.81,98.93,98.77,99.04,99.02,98.94,99.1,98.74,98.88,98.79,98.9,98.82,99.06,98.89,98.8,99.01,99.16,99.15,99.44,99.35,99.31,99.52,99.49,99.51,99.77,100.16,99.96,100.01,99.93,100.16,100.07,100.18,100.38,100.4,100.44,100.82,101.23,101.71,102.07,102.09,102.1,102.16,102.26,102.13,102.15,102.27,102.35,102.66,102.65,102.85,102.38,102.9,103.33,103.39,103.29,103.19,103.14,103.06,103.31,103.42,103.73,103.53,103.33,103.69,103.92,104.22,104.23,104.01,104.26,104.11,104.35,104.22,104.57
,,中間60%所得家庭#六.教養娛樂類,中間60%所得家庭#六.教養娛樂類(民國105年=100),..,..,..,..,..,..,..,..,..,..,..,..,..,..,..,..,..,..,..,..,..,..,..,..,..,..,..,..,..,..,..,..,..,..,..,..,..,..,..,..,..,..,..,..,..,..,..,..,..,..,..,..,..,..,..,..,..,..,..,..,..,..,..,..,..,..,..,..,..,..,..,..,..,..,..,..,..,..,..,..,..,..,..,..,..,..,..,..,..,..,..,..,..,..,..,..,..,..,..,..,..,..,..,..,..,..,..,..,..,..,..,..,..,..,..,..,..,..,..,..,..,..,..,..,..,..,..,..,..,..,..,..,..,..,..,..,..,..,..,..,..,..,..,..,..,..,..,..,..,..,..,..,..,..,..,..,..,..,..,..,..,..,..,..,..,..,..,..,..,..,..,..,..,..,..,..,..,..,..,..,..,..,..,..,..,..,..,..,..,..,..,..,..,..,..,..,..,..,..,..,..,..,..,..,..,..,..,..,..,..,..,..,..,..,..,..,..,..,..,..,..,..,..,..,..,..,..,..,..,..,..,..,..,..,..,..,..,..,..,..,..,..,..,..,..,..,..,..,..,..,..,..,..,..,..,..,..,..,..,..,..,..,..,..,..,..,..,..,..,..,..,..,..,..,..,..,..,..,..,..,..,..,..,..,..,..,..,..,..,..,..,..,..,..,..,..,..,..,..,..,..,..,..,..,..,..,..,..,..,..,..,..,..,..,..,..,..,..,..,..,..,..,..,..,99.76,101.12,99.29,99.68,99.72,100.23,101.58,101.52,100.86,100.93,100.38,100.08,101.14,99.24,99.01,99.04,98.56,98.31,99.18,99,98.07,97.94,97.66,97.53,97.73,99.83,97.78,98.09,98.04,98,99.54,99.12,98.82,98.88,98.66,98.55,98.92,99.91,98.47,98.53,98.26,98.76,100.11,99.81,99.16,99.16,98.79,98.75,99.57,98.71,99.07,99.33,99.63,99.87,100.91,100.65,99.85,99.96,99.25,99.11,99.42,102.01,99.09,99.6,99.24,99.7,101.01,100.72,100.57,99.99,99.21,98.9,100.08,100.18,99.06,99.74,99.76,100.23,101.1,100.97,100.15,99.9,98.91,98.89,98.72,100.86,99.05,99.6,99.56,100.2,101.21,101.04,100.11,100.11,99.27,99.07,99.09,101.43,99.18,99.76,99.7,99.74,101.04,100.75,100.23,100.3,99.43,99.33,100.72,100.13,99.63,100.01,99.98,100.24,101.37,101.12,100.16,100.47,99.78,100.02,99.45,101.67,99.88,100.12,100.04,100.52,101.45,101.28,100.29,100.39,99.59,99.72,99.65,101.68,100.06,101.14,100.94,101.36,102.09,101.71,101.09,101.22,100.63,100.68,102.29,100.49,99.81
,,中間60%所得家庭#四.交通及通訊類,中間60%所得家庭#四.交通及通訊類(民國105年=100),..,..,..,..,..,..,..,..,..,..,..,..,..,..,..,..,..,..,..,..,..,..,..,..,..,..,..,..,..,..,..,..,..,..,..,..,..,..,..,..,..,..,..,..,..,..,..,..,..,..,..,..,..,..,..,..,..,..,..,..,..,..,..,..,..,..,..,..,..,..,..,..,..,..,..,..,..,..,..,..,..,..,..,..,..,..,..,..,..,..,..,..,..,..,..,..,..,..,..,..,..,..,..,..,..,..,..,..,..,..,..,..,..,..,..,..,..,..,..,..,..,..,..,..,..,..,..,..,..,..,..,..,..,..,..,..,..,..,..,..,..,..,..,..,..,..,..,..,..,..,..,..,..,..,..,..,..,..,..,..,..,..,..,..,..,..,..,..,..,..,..,..,..,..,..,..,..,..,..,..,..,..,..,..,..,..,..,..,..,..,..,..,..,..,..,..,..,..,..,..,..,..,..,..,..,..,..,..,..,..,..,..,..,..,..,..,..,..,..,..,..,..,..,..,..,..,..,..,..,..,..,..,..,..,..,..,..,..,..,..,..,..,..,..,..,..,..,..,..,..,..,..,..,..,..,..,..,..,..,..,..,..,..,..,..,..,..,..,..,..,..,..,..,..,..,..,..,..,..,..,..,..,..,..,..,..,..,..,..,..,..,..,..,..,..,..,..,..,..,..,..,..,..,..,..,..,..,..,..,..,..,..,..,..,..,..,..,..,..,..,..,..,..,..,107.63,108.11,107.85,108.66,108.67,111.77,113.58,111.91,109.07,105.76,101.26,99.23,100.43,100.34,100.67,102.05,102.82,104.18,104.16,104.9,104.7,105.06,106.48,106.26,107.56,106.77,106.42,106.72,106.71,105.79,105.63,105.81,105.47,106.27,106.76,107.1,108.07,108.31,109.23,109.29,108.93,108.64,107.41,107.26,107.33,107.1,107.14,106.73,106.92,106.98,107.19,109.36,108.33,107.11,107.51,109.36,109.85,109.85,109.19,109.23,109.5,110.89,109.63,109,108.55,108.56,108.24,108.69,109.2,108.5,108.1,108.43,108.54,108.53,108.68,108.41,108.45,108.8,108.99,108.67,107.74,106.64,105.29,102.96,100.58,101.25,101.54,101.71,102.96,102.69,102.24,101.06,100.3,100.85,99.92,98.75,97.51,97.8,98.8,99.21,100.59,101.17,100.92,100.41,100.54,101.2,100.45,101.42,102.27,102.07,101.74,101.66,101.22,100.73,101.04,101.5,101.74,102.42,103.15,103.23,104.05,104.36,103.67,104.17,104.09,104.39,105.39,105.3,104.89,105.22,103.88,102.11,102.2,102.85,102.87,103.83,103.87,102.96,103.82,102.65,101.78,101.54,101.52,101.89,102.71,100.48,98.16
,,中間60%所得家庭#總指數,中間60%所得家庭#總指數(民國105年=100),..,..,..,..,..,..,..,..,..,..,..,..,..,..,..,..,..,..,..,..,..,..,..,..,..,..,..,..,..,..,..,..,..,..,..,..,..,..,..,..,..,..,..,..,..,..,..,..,..,..,..,..,..,..,..,..,..,..,..,..,..,..,..,..,..,..,..,..,..,..,..,..,..,..,..,..,..,..,..,..,..,..,..,..,..,..,..,..,..,..,..,..,..,..,..,..,..,..,..,..,..,..,..,..,..,..,..,..,..,..,..,..,..,..,..,..,..,..,..,..,..,..,..,..,..,..,..,..,..,..,..,..,..,..,..,..,..,..,..,..,..,..,..,..,..,..,..,..,..,..,..,..,..,..,..,..,..,..,..,..,..,..,..,..,..,..,..,..,..,..,..,..,..,..,..,..,..,..,..,..,..,..,..,..,..,..,..,..,..,..,..,..,..,..,..,..,..,..,..,..,..,..,..,..,..,..,..,..,..,..,..,..,..,..,..,..,..,..,..,..,..,..,..,..,..,..,..,..,..,..,..,..,..,..,..,..,..,..,..,..,..,..,..,..,..,..,..,..,..,..,..,..,..,..,..,..,..,..,..,..,..,..,..,..,..,..,..,..,..,..,..,..,..,..,..,..,..,..,..,..,..,..,..,..,..,..,..,..,..,..,..,..,..,..,..,..,..,..,..,..,..,..,..,..,..,..,..,..,..,..,..,..,..,..,..,..,..,..,..,..,..,..,..,..,91.25,92.3,91.41,92.31,92.41,94.16,94.72,95.02,94.4,95.72,94.81,93.03,92.55,91.25,91.38,92.02,92.43,92.39,92.62,94.32,93.63,93.86,93.21,92.79,92.91,93.27,92.53,93.29,93.18,93.52,93.84,93.84,93.87,94.49,94.74,94.03,94.01,94.57,93.91,94.51,94.77,95.33,95.09,95.17,95.25,95.73,95.76,96.04,96.2,95.03,95.1,95.92,96.41,97.05,97.46,98.48,98.11,97.94,97.23,97.52,97.37,97.73,96.45,97.01,97.21,97.69,97.56,97.7,99,98.69,97.99,97.93,98.14,97.86,98.08,98.69,98.85,99.37,99.35,99.8,99.76,99.79,98.89,98.54,97.32,97.56,97.49,97.88,98.12,98.8,98.71,99.36,100.04,100.07,99.39,98.67,98.12,99.94,99.44,99.72,99.34,99.71,99.93,99.9,100.36,101.8,101.38,100.35,100.24,99.98,99.62,99.84,99.96,100.74,100.74,100.92,100.94,101.51,101.79,101.65,101.32,102.16,101.28,101.96,101.85,102.26,102.51,102.43,102.72,102.75,102.12,101.58,101.48,102.41,101.88,102.61,102.77,103.05,102.83,102.87,103.12,103.09,102.7,102.78,103.31,102.35,101.88
,,全體家庭#一.食物類,全體家庭#一.食物類(民國105年=100),40.73,41.92,41.94,42.26,41.79,42.74,43.08,43.97,44.67,43.95,43.13,42.99,43.31,43.15,43.42,43.66,44.31,44.53,44.43,47.67,46.14,45.18,44.16,44.48,44.32,45.18,45.83,46.53,45.68,46.52,45.21,45.09,45.31,45.13,44.15,42.62,42.67,43.52,43.91,44.05,45.21,45.07,44.41,44.8,44.84,44.27,43.59,43.07,43.08,43.87,44.05,43.53,43.3,43.09,43.16,42.78,44.24,43.97,42.33,41.19,41.74,42.14,42.59,43.06,43.78,44.06,43.8,44.56,47.58,47.18,45.28,44.7,44.26,44.19,43.49,43.89,43.75,43.87,45.36,46.46,46.1,44.75,44.76,45.98,44.29,43.85,43.39,43.46,44.56,45.31,45.1,46.91,46.99,47.62,46.62,46.29,45.8,46.95,47.24,47.99,48.63,47.72,47.12,48.32,51.04,52.06,48.26,47.24,47.6,47.61,48.5,49.49,50.28,49.43,50.27,52.22,55.14,51.57,48.53,48.23,48.98,49.8,49.09,49.73,49.67,49.79,51.03,51.54,50.97,52.04,52.09,50.34,51.77,53.15,53.57,55.54,55.7,54.72,53.84,53.4,58,57.82,54.54,53.5,54.43,56.06,56.52,56.91,55.85,58.76,55.9,55.81,55.79,56.06,56,57.66,56.82,57.69,58.37,58.71,59.53,58.48,59.25,64.55,64.64,62.27,59.93,59.05,61.63,61.9,61.83,62.46,61.57,62.66,62.43,63.6,63.67,62.97,62.87,62.69,62.18,62.84,63.12,64.35,63.47,64.04,61.91,70.28,68.17,67.06,66.36,65.17,63.74,64.58,63.21,62.91,62.52,65.37,66.47,66.96,67.11,64.22,63.04,63.3,63.74,65.55,66.96,66.11,65.25,68.15,67.81,67.47,68.27,69.52,71.27,67.39,66.91,66.94,65.65,65.24,65.97,65.59,65.33,68.82,68.29,68.74,67.75,66.44,66.44,66.87,65.94,65.57,66.96,65.99,65.74,67.18,68.84,67.82,70,67.43,66.1,65.17,64.57,65.13,65.21,65.12,65.3,67.5,68.86,71.06,68.36,65.19,66.06,66.41,65.98,66.14,65.23,65.67,66.91,67.49,66.63,66.77,66.73,66.17,67.21,65.6,64.68,65.66,66.4,65.63,65.42,66.4,66.87,67.92,66.76,67,66.33,67.27,67.35,67.66,67.38,67.53,71.62,71.12,72.34,72.28,69.03,69.24,68.95,68.83,71.94,71.43,72.79,73.17,77.04,79.02,79.06,78.43,74.43,74.17,72.98,72.12,71.34,72.59,74.25,75.67,76.24,75.04,73.96,73.35,72.8,73.24,73.45,72,71.52,72.14,72.45,73.39,72.77,76.77,79.67,83.99,81.92,78.69,77.29,78.98,78.18,79.14,79.19,82.11,82.67,84.62,84.16,88.65,87.6,83.88,81.38,79.56,80.1,80.32,81.58,80.24,80.48,85.79,85.23,84.62,81.9,80.93,81.22,80.84,80.83,81.38,81.28,81.56,82.25,82.95,83.5,84.82,84.88,82.69,82.85,83.02,82.34,82.88,83.55,84.29,83.62,84.27,85.07,85.69,85.82,87.14,86.61,84.79,84.89,84.64,86.7,88,88.89,91.59,90.63,89.32,87.77,88.76,88.66,87.25,85.93,86.6,87.99,88.41,87.75,88.48,92.78,91.94,90.14,89.95,89.54,89.51,90.8,91.06,91.79,91.77,91.51,93.43,94.09,94.99,93.43,93.84,93.53,92.27,92.1,92.42,92.6,93.49,93.12,96.3,99.63,99.85,98.34,96.66,96.09,100.09,100.05,99.78,97.99,97.76,98.27,98.81,100.49,105.07,104.64,100.96,98.94,99.34,98.32,97.38,97.95,99.9,99.47,100.14,100.29,101.01,101.84,101.02,99.75,100.29,99.62,100.01,99.69,99.77,100.37,100.9,102.77,102.51,101.37,100.39,100.56,101.15,101.07,101.37,102.27,103.11,102.05,103.27,104.78,104.19,103.26,103.39,103.16,102.96,102.71
,,全體家庭#七.雜項類,全體家庭#七.雜項類(民國105年=100),60.55,61.63,61.06,61.07,60.94,60.82,60.5,60.58,60.81,60.79,60.65,60.67,62.39,60.63,60.49,60.56,60.37,60.22,60.36,60.49,60.98,60.91,60.94,61.03,61.19,61.94,61.2,61.27,61.37,61.36,61.36,61.33,61.3,61.18,61.02,61.09,61.4,62.61,61.74,61.74,61.83,61.97,61.93,61.8,61.74,61.65,61.66,61.54,61.37,62.26,61.48,61.66,61.62,61.65,61.59,61.58,61.53,61.52,61.48,61.52,61.23,61.88,61.62,61.41,61.43,61.66,61.28,61.11,61.32,61.48,61.24,61.36,62.02,61.77,61.54,61.63,62.33,62.21,61.74,61.17,60.87,60.91,60.93,60.97,61.06,62.07,61.39,61.95,62.8,62.59,62.03,61.69,61.47,61.4,61.47,61.57,61.71,63.4,62.88,63.43,63.96,64.65,64.18,63.11,62.74,62.74,62.99,63.23,65.31,64.31,64.4,64.83,65.27,65.83,65.19,64.41,64.42,64.61,64.65,64.86,66.05,67.68,66.66,67.53,68.44,67.84,66.38,65.46,65.23,65.36,65.4,65.42,65.57,68.31,67.68,68.77,70.49,69.44,68.06,66.82,66.51,66.36,66.54,66.72,73.16,69.14,70.11,71.11,72.5,72.04,70.57,68.83,68.28,68.36,68.33,68.41,69.46,76.61,71.17,73.15,74.91,73.78,71.99,70.71,70.82,70.48,70.51,70.75,77.27,73.01,73.72,74.84,76.07,76.69,73.91,72.93,73.77,72.9,73.09,73.34,73.98,80.9,74.94,75.37,76.22,76.79,74.35,73.6,75.2,74.1,74.07,74.27,74.7,82.12,75.12,75.65,77.04,78,76.09,75.27,75.89,75.01,75.05,74.94,84.3,75.95,76.33,76.86,78.35,77.18,76.47,76.25,76.34,77.83,76.66,76.63,76.97,87.16,78.44,79.07,78.69,79.01,76.97,75.99,77.29,76.85,76.81,76.58,77.11,87.48,78,78.29,78.89,79.51,77.97,77.49,79.45,78.11,78.13,78.17,87.72,78.44,79,79.39,79.63,79.08,78.13,77.99,77.93,78.54,77.67,77.34,81.71,91.68,82,82.44,82.62,83.46,81.49,81.21,82.57,81.23,81.3,81.33,87.56,82.19,81.96,82.67,83.09,82.43,81.31,81.2,82.1,80.96,81.05,81.47,90.89,82.58,82.64,82.66,83.69,84.61,82.5,81.7,82.7,81.63,81.31,81.56,81.82,89.07,81.99,82.25,82.73,84.03,82.33,82.04,83.13,82.09,82,82.5,89.94,84.3,85.49,86.5,88.09,86.42,85.76,85.15,85.44,85.59,85.31,85.47,85.98,93.04,86.87,87.53,87.48,87.59,86.67,86.76,87.52,87.01,87.03,87.12,87.25,92.09,88.4,88.76,88.41,89.28,89.02,88.36,89.19,88.41,88.35,88.74,92.71,89.38,89.49,89.51,89.49,90.13,90.76,91.62,92.21,91.88,91.98,92.43,92,97.22,92.78,93.49,92.13,94.16,93.5,93.22,93.42,92.2,93.08,93.12,92.37,98.3,93.8,94.14,93.98,95.08,94.26,94.45,95.01,94.13,94.6,94.36,100.14,95.39,95.37,96.38,96.07,96.78,96.31,96.17,96.83,95.95,96.54,96.95,96.68,100.8,96.64,96.96,96.44,97.27,96.57,96.84,97.22,96.07,96.33,97.06,101.68,97.77,98.11,98.39,98.18,98.75,98.04,97.91,98.55,97.43,97.67,97.78,97.93,102.39,98.39,98.38,98.42,98.83,98.09,98.19,98.56,97.43,98.3,98.65,98.16,103.58,99.42,99.47,100.02,100.44,99.83,99.71,100.46,99.41,99.67,99.81,103.85,100.4,100.68,101.42,101.82,100.48,100.4,100.39,101.28,102.67,103.99,105.41,105.92,109.37,106.64,106.95,107.14,107.31,106.8,106.21,106.41,105.66,105.98,106.41,106.46,109.81,107.21,107.3,107.23,107.37,106.92,107.04,107.63,106.9,107.05,107.31,110.01,107.86,108.01
,,全體家庭#二.衣著類,全體家庭#二.衣著類(民國105年=100),90.01,90.09,90.23,90.54,90.71,90.9,90.99,91.09,91.42,91.79,91.92,92.15,92.32,92.35,92.31,92.42,92.73,92.73,92.6,92.59,92.59,92.76,92.83,92.88,92.85,92.88,92.87,92.87,92.86,92.96,92.97,92.96,93.13,93.77,94.02,94.04,94.03,93.86,94.23,94.47,94.77,94.92,95.05,95.07,95.31,95.63,95.87,95.9,95.77,95.59,94.77,94.32,94.62,94.48,94.32,92.9,92.67,94.2,94.77,94.43,96.08,93.42,91.36,90.09,89.88,90.03,89.85,89.14,88.82,90.26,92.7,92.81,91.12,88.63,86.88,87.2,88.97,89.07,88.9,88.12,87.74,88.57,91.57,93.51,94.04,91.57,89.36,89.35,90.57,90.91,92.05,90.74,88.68,91.58,94.37,94.62,94.44,89.57,89.56,90.78,91.62,92.03,91.03,89.52,89.25,92.77,97.22,96.04,94.43,90.51,89.41,90.57,91.41,91.77,90.84,89.54,90.47,93.14,96.49,97.13,98.27,91.51,89.62,91.12,91.56,92.13,91.47,89.44,89.01,91.22,95.85,96.36,96.21,90.57,90.11,94.51,94.89,96.04,93.57,90.74,91.25,95.23,96.94,95.56,89.98,86.31,84.39,95.37,94.59,96.68,93.6,85.83,84.05,89.69,93.62,92.05,89.09,84.94,84.26,91.09,95.02,97.2,93.08,86.12,83.76,88.58,92.62,91.56,88.75,85.4,84.41,99.27,99.38,100.96,94.62,88.76,87.44,92.64,97.71,97.65,93.88,87.6,86.99,98.26,101.61,101.7,96.26,90.79,89.12,97.07,101.61,99.39,94.68,90.02,89.34,102.82,102.11,102.61,94.66,90.52,91.02,96.39,102.16,99.99,90.61,85.59,85.22,96.66,95.49,95.69,87.51,83.42,83.19,90.52,99.73,98.86,89.65,82.96,81.78,96.3,95.11,93.53,86.19,82,81.45,96.13,98.47,96.31,87.93,83.8,82.4,97.89,96.3,94.09,87.03,83.09,81.76,97.14,98.68,95.55,85.83,81.72,81.72,96,95.5,90.87,85.34,81.63,80.05,94.62,98.56,95.16,86.51,81.63,80.71,96.58,94.93,92.47,86.34,82.38,80.85,97.24,97.92,95.29,86.59,83.13,82.76,100.4,98,92.71,86.32,83.27,82.71,96.42,97.94,95.24,89.22,85.73,84.6,102.48,99.94,96.53,90.88,87.53,86.86,99.35,99.62,96.93,91.4,87.4,86.62,100.56,101.04,97.16,90.63,86.78,85.76,97.43,98.46,94.91,88.02,83.64,82.25,96.58,95.44,92.28,88.26,84.13,82.32,93.26,97.35,94.55,89.97,85.85,82.41,97.65,97.34,94.48,90.62,87.12,85.16,98.9,100.05,98.25,92.32,87.27,85.5,98.64,99.22,95.85,91.51,87.31,85.48,99.49,100.38,95.93,90.15,85.67,83.87,97.64,97.63,94.12,90.3,86.69,84.78,101.21,100.97,97.89,93.16,88.52,86.07,98.22,98.21,95.59,92.42,88.83,87.33,100.04,102.1,99.2,93.93,90.36,88.11,100.2,101.14,98.41,95.11,90.76,88.57,107.33,105.68,102.53,95.77,91.86,89.9,105.91,103.73,100.45,96.38,93.27,91.91,110.33,107.47,104.35,99.17,95.27,93.75,103.81,102.33,100.13,97.09,93.31,91.99,106.29,104.44,101.54,98.02,94.65,92.76,105.39,104.27,102.35,99.56,95.85,94.94,108.28,105.49,102.77,99.16,95.24,93.49,104.8,103.08,100.75,97.89,95.23,94.34,107.02,104.71,101.89,97.57,94.46,93.52,104.98,103.11,100.7,98.24,96.29,95.59,107.92,105.1,102.52,97.73,94.71,93.89,104.12,102.86,101.05,98.19,95.06,94.39,107.37,104.97,102.78,99.56,96.42,95.55,104.17,102.33,100.68,98.45,96.42,96.14,105.43,103.82,101.57,97.93,95.12,94.93,102.2,101.27,99.25,97.26,95.64,95.25,106.55,104.07,102.29,99.15,97.04,95.92
,,全體家庭#三.居住類,全體家庭#三.居住類(民國105年=100),62.59,63.09,63.73,63.86,64,64.08,64.15,64.46,64.78,64.82,65.1,65.05,65.43,65.47,65.52,65.55,65.56,65.6,65.63,65.74,65.98,66.11,66.37,66.52,66.94,67.18,67.06,66.82,66.89,66.9,66.97,67.07,67.13,67.27,67.29,67.3,67.35,67.42,67.45,67.48,67.56,67.59,67.63,67.66,67.68,67.73,67.76,67.8,67.98,67.97,67.99,67.99,67.63,67.68,67.7,67.69,67.66,67.7,67.71,67.7,67.76,67.91,67.84,67.84,67.4,67.42,67.47,67.5,67.55,67.59,67.61,67.67,67.65,67.76,67.68,67.71,67.7,67.71,67.73,67.81,67.94,68.25,68.49,68.4,67.85,67.9,67.96,68,68.13,68.19,68.31,68.45,68.49,68.59,68.74,69.13,70.06,69.84,69.93,70.2,70.62,71.42,71.84,72.04,72.39,72.23,72.24,72.57,73.27,73.35,73.62,73.89,74.78,75.33,75.74,76.22,76.86,76.71,76.82,77,77.38,77.79,78.25,78.49,79.07,79.91,80.31,80.75,81.15,80.97,80.88,81.1,81.24,81.29,81.41,81.77,81.93,82.85,83.08,83.23,83.52,82.93,83.06,83.06,83.63,83.68,84.08,84.45,84.75,85.59,85.89,86.4,87.03,86.66,86.84,86.97,87.21,87.89,87.97,88.15,88.28,89.11,89.69,89.97,90.31,89.82,89.99,90.17,90.84,90.72,91.1,91.38,91.63,92.62,92.85,92.98,93.3,92.68,92.92,93.01,93.36,93.87,93.56,93.59,93.61,94.43,94.64,94.72,94.87,94.14,94.17,94.09,94.39,94.94,94.61,94.69,94.96,95.62,95.55,95.58,95.78,95.11,95.12,95.24,96.07,95.57,95.55,95.91,95.97,96.83,96.73,96.67,96.8,96.1,96,95.99,96.09,96.64,95.99,95.96,95.95,96.84,96.79,96.68,96.73,95.81,95.8,95.85,95.98,96.73,96.09,96.28,96.3,97.2,97.11,97.16,97.51,96.57,96.43,96.39,96.99,96.27,96.17,95.96,95.91,96.64,96.55,96.47,96.41,95.66,95.4,95.25,95.09,95.67,94.83,94.77,94.72,95.54,95.43,95.36,95.45,94.49,94.35,94.26,94.33,94.21,94.14,94.12,93.92,94.43,94.37,94.3,94.32,93.67,93.58,93.52,93.91,93.55,93.54,93.58,93.55,94.19,94.17,94.21,94.25,93.81,93.85,93.93,93.84,94.2,93.92,93.91,94,94.6,94.61,94.7,94.7,94.17,94.22,94.24,94.45,94.45,94.48,94.5,94.58,95.23,95.6,95.8,96.01,95.28,95.28,95.41,95.44,95.49,95.45,95.46,95.56,96.53,96.6,96.67,96.73,96.04,96.08,96.16,96.2,96.73,96.51,96.61,96.72,98.21,98.54,98.61,98.71,98.13,97.81,97.18,97.24,96.96,96.92,96.78,96.73,97.78,97.9,97.92,96.93,96.93,97,96.94,97.07,97.4,97.18,97.24,97.27,98.3,98.29,98.21,98.32,97.29,97.33,97.53,97.51,97.9,97.74,97.87,97.99,99.16,99.25,99.35,99.41,98.41,98.46,98.45,98.72,98.61,98.81,98.79,98.8,100.23,100.41,100.61,100.85,99.78,99.76,99.77,99.75,99.91,100.01,100,100.01,101.1,101.15,101.23,101.37,100.39,100.53,100.62,100.52,100.61,100.72,100.75,100.76,102.27,102.36,102.71,102.74,101.24,101.13,100.89,98.34,98.48,100.29,99.67,100.02,101.45,101.61,101.57,101.53,99.89,100.02,100.03,99.89,99.89,99.92,99.2,99.2,100.69,100.76,100.75,100.83,99.59,99.64,99.64,99.9,99.95,100.11,100.15,100.18,101.65,101.66,101.86,102.05,100.87,100.97,100.95,100.93,101.02,101.08,101.15,101.33,102.59,102.62,102.7,102.83,101.75,101.72,101.68,101.6,101.88,101.99,102.1,102.23,103.26,103.19,103.18,103.2,102.1,102.09,102.16,102.36,102.38,102.48
,,全體家庭#五.醫藥保健類,全體家庭#五.醫藥保健類(民國105年=100),48.28,48.54,48.87,48.88,48.93,48.96,49.37,49.39,49.38,49.4,49.39,49.48,49.53,49.55,49.56,49.55,49.59,49.64,49.62,49.62,49.59,49.56,49.57,49.57,49.56,49.51,49.5,49.5,49.49,49.5,49.5,49.53,49.47,49.64,49.67,49.73,49.74,49.74,49.74,49.74,49.75,49.82,52.68,52.73,52.7,52.66,52.67,52.68,52.68,52.65,52.66,52.6,52.6,52.94,53.32,53.31,53.17,53.15,53.19,53.15,53.29,53.22,53.66,53.35,53.36,53.17,53.11,53.09,53.02,52.91,52.84,52.82,54.31,54.09,54.01,53.95,53.91,53.81,53.64,53.49,53.34,53.36,53.46,53.53,53.49,53.39,53.37,53.54,53.46,53.47,53.41,53.45,53.43,53.42,53.43,53.56,53.9,54.35,55.31,55.37,55.36,55.93,56.14,56.21,56.26,56.23,56.15,56.59,56.73,56.77,56.81,56.87,56.89,56.88,56.88,57.07,58.42,58.52,58.55,58.56,58.65,58.67,58.67,58.7,58.68,58.67,58.71,58.7,58.8,61.89,61.93,62.03,62.31,62.44,62.49,62.55,62.58,62.62,62.61,62.76,62.99,63.35,63.36,63.34,63.41,63.44,63.36,63.39,63.39,63.43,63.52,63.9,63.96,64.06,64.07,64.12,64.24,64.29,64.59,64.65,64.79,64.88,64.84,64.97,65.21,65.23,65.28,65.33,65.33,65.39,65.74,65.76,65.77,65.97,66.09,66.14,66.15,66.13,66.15,66.09,66.26,66.89,66.91,66.92,66.91,66.92,67.1,67.11,67.1,67.25,67.33,67.38,67.42,67.48,67.54,67.55,69.07,69.07,69.05,69.03,69.02,69.28,69.3,69.26,69.27,69.25,69.34,69.21,69.26,69.33,69.78,68.99,68.99,69.02,69.08,69.03,69.09,69.89,69.88,69.9,69.94,69.86,70.05,74.86,74.62,74.67,74.65,74.53,74.7,74.72,74.75,74.73,74.76,74.78,74.82,74.8,74.83,74.88,74.84,74.77,74.79,74.8,74.82,75.04,75,75.53,76.53,76.51,76.42,76.39,76.43,76.27,76.19,76.27,75.31,75.38,75.33,75.29,75.22,75.27,79.04,79.11,78.94,79.02,78.94,79.24,79.16,79.12,79.25,79.1,78.95,79.09,79.21,79.24,79.24,79.35,79.32,80.25,80.31,80.48,80.7,81.03,80.9,81.04,81.01,80.95,81,81.36,81.25,81.52,82.13,82.6,82.63,83.78,85,86.43,86.44,86.73,86.69,86.89,86.98,87.09,87.15,87.38,87.39,87.5,87.46,87.42,87.49,87.84,87.85,87.93,87.87,88.01,89,90.23,92.22,92.05,92.38,92.63,92.82,92.89,92.73,92.53,92.78,92.84,93.17,93.33,93.38,93.35,93.47,93.71,93.8,93.76,93.91,93.9,93.51,93.74,93.73,93.79,93.66,94.42,94.55,94.4,94.24,93.94,93.92,94.06,94.1,94.06,94.25,94.53,94.48,94.38,94.22,94.35,95.06,95.04,95.12,95.45,95.48,95.63,95.96,96.45,96.52,96.74,96.71,96.83,96.94,96.83,96.94,96.84,96.87,96.65,96.81,97.08,96.98,97.26,97.21,97.19,97.22,97.49,97.65,98.05,97.64,97.83,98.16,98.08,98.2,98.4,98.4,98.44,98.42,98.12,98.34,98.49,98.36,98.63,98.83,98.95,98.78,99.06,99.04,98.95,99.12,98.75,98.89,98.8,98.91,98.84,99.09,98.9,98.81,99.03,99.18,99.17,99.46,99.37,99.32,99.54,99.49,99.51,99.76,100.15,99.94,100,99.92,100.16,100.07,100.19,100.38,100.42,100.45,100.83,101.2,101.62,101.95,102,102,102.06,102.17,102.03,102.05,102.16,102.24,102.52,102.51,102.71,102.24,102.78,103.15,103.21,103.12,103.03,102.96,102.87,103.16,103.27,103.59,103.38,103.19,103.51,103.74,104.04,104.05,103.83,104.08,103.94,104.15,104.01,104.36
,,全體家庭#六.教養娛樂類,全體家庭#六.教養娛樂類(民國105年=100),39.32,39.59,39.97,40.03,40.04,40.03,40.05,40.11,42.12,42.21,42.24,42.24,42.17,42.22,42.25,42.26,42.36,42.38,42.38,42.41,43.74,43.81,43.81,43.8,43.81,43.85,43.95,43.95,43.97,43.99,43.99,44.13,44.57,44.61,44.61,44.6,44.6,44.66,44.74,44.75,44.76,44.76,44.78,44.9,46.37,46.67,46.65,46.5,46.48,46.47,46.58,46.56,46.6,46.63,46.62,46.7,48.54,48.72,48.74,48.72,48.72,48.85,48.87,49.01,49,48.98,49.02,49.03,49,49.01,49.01,49.04,48.96,48.99,48.94,48.85,48.58,48.62,48.54,48.55,52.11,52.22,52.26,52.24,52.24,52.21,52.25,52.19,52.17,52.17,52.16,52.07,53.88,54.08,54.05,54.03,54,54.13,54.11,54.21,54.17,54.2,54.19,54.56,57,56.97,57.01,56.96,56.97,57.76,57.8,57.86,58.01,57.95,58.05,58.58,62.22,62.3,62.43,62.42,63.01,63.24,63.29,63.31,63.37,63.39,63.44,63.55,65.71,65.75,65.75,65.71,66.01,66.74,66.63,66.72,66.72,66.76,66.89,67.23,70.62,70.62,70.57,70.55,70.86,71.34,71.06,71.12,71.19,71.14,71.23,71.64,75.57,75.7,75.69,75.75,75.78,76.13,76.08,76.17,76.25,76.19,76.43,76.73,78.4,78.43,78.4,78.42,78.43,78.72,78.84,79.25,79.49,79.55,79.67,80.03,83.47,83.61,83.94,83.89,84.9,85.61,85.49,85.5,85.49,85.67,85.65,86.08,88.78,88.84,88.9,88.84,88.87,88.82,88.7,88.69,88.75,88.72,88.72,88.74,91.81,91.94,91.85,91.91,92.28,91.99,92.01,91.93,91.64,91.93,92.27,92.27,94.19,93.98,93.89,94.01,94,94.85,93.83,93.78,93.85,93.92,94.28,94.67,95.76,95.67,95.44,95.57,95.65,96.74,95.92,95.97,96.05,96.46,97.09,97.09,99.84,99.8,99.61,99.68,100.35,99.74,99.41,99.36,99.21,99.41,99.84,99.65,99.65,99.69,99.25,99.2,99.87,100.12,99.61,99.62,99.52,99.67,100.12,99.87,99.61,99.63,99.25,99.18,99.17,99.06,99.06,98.7,97.59,97.2,97.74,98.17,98.5,98.57,98.4,98.33,98.92,98.18,97.92,98.23,98.3,98.54,98.87,98.8,98.67,98.55,98.29,98.58,98.96,98.87,98.07,97.96,97.73,97.86,98.17,98.12,98.34,98.43,98.33,98.32,98.6,98.69,98.33,98.29,98.28,98.49,98.65,98.69,98.28,98.31,98.27,98.28,98.27,100.27,98.6,98.65,98.62,98.95,99.5,99.34,98.94,99.12,99,99.12,99.58,101.15,99.08,99.52,99.56,100.17,101.61,101.56,100.77,100.84,100.24,99.89,101.1,99.02,98.75,98.81,98.34,98.06,99.05,98.88,97.97,97.72,97.47,97.3,97.5,99.83,97.57,97.92,97.87,97.84,99.58,99.17,98.78,98.83,98.58,98.44,98.88,99.98,98.37,98.45,98.14,98.71,100.22,99.86,99.1,99.08,98.65,98.59,99.5,98.56,99,99.37,99.65,99.93,101.1,100.78,99.9,100.01,99.21,99.1,99.44,102.3,99.05,99.62,99.23,99.73,101.19,100.87,100.65,100,99.16,98.82,100.13,100.24,98.97,99.73,99.75,100.27,101.25,101.11,100.2,99.93,98.83,98.82,98.61,101.01,98.97,99.57,99.53,100.25,101.36,101.16,100.14,100.13,99.2,98.98,99.01,101.62,99.1,99.74,99.66,99.71,101.15,100.83,100.25,100.32,99.36,99.25,100.8,100.12,99.57,99.98,99.95,100.23,101.47,101.2,100.11,100.44,99.69,99.95,99.34,101.94,99.89,100.21,100.15,100.74,101.96,101.77,100.41,100.54,99.57,99.75,99.71,102.02,100.13,101.42,101.16,101.66,102.64,102.12,101.32,101.47,100.77,100.86,102.7,100.51,99.77
,,全體家庭#四.交通及通訊類,全體家庭#四.交通及通訊類(民國105年=100),86.14,87.78,88.64,88.94,89.02,89,89,89.01,89.04,88.95,88.89,88.7,89.01,88.7,88.72,88.72,88.72,88.81,88.93,88.98,89.03,89.15,89.15,89.27,89.37,89.59,89,87.99,87.97,87.96,87.91,87.94,87.97,88.04,88.04,88.04,88.05,88.52,88.17,88.85,90.09,90.06,90.14,90.01,90.02,90.2,90.27,90.29,90.24,90.56,90.26,90.23,90.23,90.23,90.23,90.21,90.21,90.2,90.14,90.17,91.39,91.06,88.7,88.34,85.63,85.58,85.55,85.41,85.43,85.48,85.5,85.5,85.55,85.97,85.72,85.72,85.7,85.52,85.59,85.66,85.67,85.58,85.3,84.66,83.79,84.01,84.08,83.83,83.82,83.72,84.81,84.93,85.39,85.09,85.64,85.54,85.66,86.45,86.19,86.29,86.1,86.08,85.35,85.04,85.17,85.17,85.17,85.24,85.36,85.62,85.62,85.65,85.56,85.47,85.5,86.35,89.72,92.43,92.7,93.17,92.34,93.7,93.64,93.51,93.53,92.82,92.94,92.83,93.13,93.15,93.06,92.53,92.89,92.74,92.46,92.28,92.08,91.96,91.74,91.55,91.6,91.69,91.73,91.72,92.36,92.27,92.29,92.29,92.31,92.47,92.6,92.76,92.87,93.09,92.74,92.52,92.32,92.62,92.15,92.42,92.5,92.65,92.66,92.96,93.11,93.18,93.12,93.51,93.73,94.09,94.03,94.26,94.41,94.96,95.49,95.47,95.27,95.86,96.05,96.02,95.97,96.13,96.14,96.19,96.28,96.33,96.24,96.11,95.95,95.83,95.88,95.9,96.92,97.19,96.95,97.17,97.2,97.06,97.4,97.1,97.22,97.12,97.01,97.34,97.5,97.47,97.28,96.69,96.41,96.42,96.19,95.92,95.49,95.2,94.81,94.92,94.58,94.44,94.31,94.51,95.03,95.31,95.67,96.06,96.32,96.1,96.38,96.88,97.04,97.3,97.78,98.28,98.39,98.55,98.76,98.44,98.96,99.54,99.6,99.85,101.28,101.33,101.31,99.91,99.74,99.79,99.35,99.28,99.03,98.88,98.45,97.19,97.1,97.55,97.28,97.69,97.73,96.79,96.73,96.96,97.37,97.83,98.13,97.94,98.54,98.44,99.32,98.05,97.68,97.43,97.61,98.26,98.21,97.79,97.65,97.65,98.76,99.37,99.31,100.07,100.16,100.15,100.32,100.44,100.55,100.85,100.81,100.81,100.69,100.97,101.38,101.4,101.24,100.93,101.45,102.71,102.83,101.67,101.09,100.99,101.16,101.86,101.88,102.3,103.65,103.67,104.74,104.99,104.33,103.31,102.91,103.86,102.77,103.51,103.66,104.29,104.26,104.6,105.86,105.79,105.1,106.37,107.24,107.33,107.4,107.88,107.62,108.4,108.4,111.39,113.13,111.52,108.77,105.58,101.25,99.29,100.38,100.21,100.53,101.86,102.59,103.89,103.86,104.57,104.39,104.74,106.12,105.9,107.27,106.52,106.2,106.5,106.49,105.59,105.45,105.64,105.31,106.09,106.55,106.86,107.82,108.08,108.96,109.02,108.69,108.4,107.22,107.08,107.13,106.91,106.93,106.56,106.78,106.86,107.07,109.17,108.16,106.96,107.33,109.12,109.6,109.59,108.94,108.97,109.25,110.6,109.36,108.76,108.31,108.32,108.01,108.46,108.94,108.26,107.88,108.18,108.27,108.27,108.4,108.14,108.18,108.52,108.7,108.4,107.48,106.4,105.1,102.85,100.55,101.22,101.5,101.68,102.87,102.61,102.19,101.05,100.3,100.84,99.94,98.79,97.58,97.88,98.85,99.25,100.57,101.12,100.89,100.41,100.52,101.16,100.42,101.35,102.17,102,101.67,101.6,101.16,100.69,100.99,101.43,101.66,102.31,102.99,103.07,103.86,104.29,103.57,103.92,103.78,104.17,105.39,105.32,104.58,104.86,103.66,102.02,102.22,102.81,102.8,103.68,103.66,102.93,103.97,102.75,101.73,101.53,101.44,101.78,102.65,100.47,98.39
,,全體家庭#總指數,全體家庭#總指數(民國105年=100),55.24,56.18,56.43,56.65,56.43,56.97,57.19,57.75,58.44,58.12,57.73,57.65,58.02,57.84,57.99,58.14,58.49,58.61,58.58,60.35,59.79,59.31,58.83,59.05,59.07,59.66,59.91,60.17,59.76,60.2,59.53,59.5,59.68,59.66,59.16,58.35,58.39,58.98,59.14,59.25,59.97,59.92,59.76,59.98,60.18,59.94,59.6,59.31,59.34,59.81,59.84,59.55,59.36,59.27,59.33,59.07,60.05,59.99,59.15,58.54,59.09,59.25,59.24,59.39,59.47,59.62,59.47,59.8,61.32,61.19,60.34,60.07,59.91,59.79,59.32,59.53,59.54,59.58,60.27,60.76,60.98,60.43,60.6,61.23,60.24,60,59.66,59.74,60.41,60.78,60.78,61.64,61.84,62.28,61.96,61.91,61.91,62.45,62.6,63.16,63.63,63.46,63.16,63.69,65.36,65.98,64.28,63.85,64.29,64.2,64.68,65.32,66,65.75,66.19,67.29,69.62,68.12,66.81,66.76,67.5,67.9,67.57,68.01,68.24,68.4,68.87,69.03,69.13,69.81,70.02,69.35,70.04,70.66,70.75,71.9,72.14,71.94,71.42,71.1,73.39,73.36,72.19,71.72,72.6,72.82,73.05,73.89,73.64,75.07,73.77,73.46,73.93,74.26,74.42,75.04,74.71,75.68,75.47,76.16,76.86,76.67,76.83,78.64,78.88,78.02,77.31,77.03,78.62,78.28,78.39,79.54,79.39,80.25,79.78,79.98,80.46,80.26,80.58,80.55,80.42,81.22,80.75,81.78,81.68,82.16,80.94,84.02,83.55,83.22,83.16,82.58,82.01,82.89,81.63,82.19,82.3,83.67,83.62,83.53,84.08,82.95,82.73,82.8,83.65,83.13,83.65,83.93,83.67,84.88,84.32,83.91,84.42,85.09,85.96,84.55,83.98,84.88,83.26,83.85,84.08,84.16,83.63,84.87,84.91,85.44,85.19,84.68,84.41,85.66,84.19,84.89,85.42,85.3,84.84,85.1,86.29,86.31,87.11,86.07,86.4,84.78,84.55,85.25,85.23,85.18,84.92,85.48,85.85,87.15,86.12,84.62,84.95,85.98,84.56,85.43,85.01,85.27,85.28,85.25,85.19,85.67,85.64,85.27,85.87,84.68,84.41,85.33,85.28,84.79,84.44,84.75,85.01,85.62,85.24,85.22,85.88,85.22,85.16,86.14,86.06,86.26,87.25,86.91,87.38,87.66,86.54,86.6,86.3,86.87,87.12,87.56,88.04,88.32,89.35,90.01,90.14,90.07,88.71,88.51,88.61,87.73,87.48,88.63,89.44,89.85,90.05,89.51,89.02,89,88.92,89.11,88.92,89.26,88.22,89.24,89.42,89.97,89.76,90.95,91.79,93.74,93.19,92.08,91.54,92.71,91.71,92.7,92.74,94.44,94.97,95.21,94.64,95.98,94.99,93.24,92.89,91.47,91.57,92.27,92.66,92.57,92.75,94.43,93.8,94.16,93.46,93.01,93.13,93.62,92.73,93.51,93.36,93.68,93.97,93.98,94.08,94.7,94.88,94.16,94.15,94.86,94.03,94.73,94.91,95.5,95.22,95.25,95.37,95.88,95.86,96.07,96.37,95.09,95.21,96.09,96.57,97.19,97.56,98.51,98.19,98.12,97.38,97.62,97.45,97.91,96.5,97.1,97.28,97.77,97.62,97.74,99.02,98.75,98.04,97.95,98.25,97.87,98.05,98.71,98.86,99.37,99.34,99.77,99.72,99.79,98.88,98.54,97.33,97.67,97.45,97.9,98.14,98.81,98.71,99.33,100.01,100.1,99.41,98.67,98.12,100.02,99.41,99.73,99.35,99.7,99.93,99.89,100.35,101.8,101.37,100.34,100.32,99.96,99.59,99.83,99.94,100.7,100.7,100.85,100.84,101.46,101.71,101.56,101.21,102.16,101.17,101.83,101.69,102.11,102.47,102.4,102.57,102.64,102.01,101.5,101.39,102.38,101.74,102.5,102.64,102.98,102.86,102.84,103,103.02,102.6,102.66,103.29,102.19,101.73
,,最低20%所得家庭#一.食物類,最低20%所得家庭#一.食物類(民國105年=100),..,..,..,..,..,..,..,..,..,..,..,..,..,..,..,..,..,..,..,..,..,..,..,..,..,..,..,..,..,..,..,..,..,..,..,..,..,..,..,..,..,..,..,..,..,..,..,..,..,..,..,..,..,..,..,..,..,..,..,..,..,..,..,..,..,..,..,..,..,..,..,..,..,..,..,..,..,..,..,..,..,..,..,..,..,..,..,..,..,..,..,..,..,..,..,..,..,..,..,..,..,..,..,..,..,..,..,..,..,..,..,..,..,..,..,..,..,..,..,..,..,..,..,..,..,..,..,..,..,..,..,..,..,..,..,..,..,..,..,..,..,..,..,..,..,..,..,..,..,..,..,..,..,..,..,..,..,..,..,..,..,..,..,..,..,..,..,..,..,..,..,..,..,..,..,..,..,..,..,..,..,..,..,..,..,..,..,..,..,..,..,..,..,..,..,..,..,..,..,..,..,..,..,..,..,..,..,..,..,..,..,..,..,..,..,..,..,..,..,..,..,..,..,..,..,..,..,..,..,..,..,..,..,..,..,..,..,..,..,..,..,..,..,..,..,..,..,..,..,..,..,..,..,..,..,..,..,..,..,..,..,..,..,..,..,..,..,..,..,..,..,..,..,..,..,..,..,..,..,..,..,..,..,..,..,..,..,..,..,..,..,..,..,..,..,..,..,..,..,..,..,..,..,..,..,..,..,..,..,..,..,..,..,..,..,..,..,..,..,..,..,..,..,..,77.41,78.92,78.11,79.06,79.11,82.06,82.52,84.49,83.94,88.55,87.67,83.86,81.3,79.41,80.06,80.35,81.64,80.06,80.43,85.61,84.96,84.19,81.57,80.63,80.9,80.37,80.54,81.21,81.17,81.33,82.09,82.73,83.14,84.5,84.68,82.52,82.48,82.67,82.13,82.65,83.46,84.04,83.3,84.08,84.77,85.41,85.64,86.96,86.34,84.46,84.7,84.46,86.6,87.86,88.8,91.52,90.49,89.11,87.61,88.59,88.42,86.74,85.33,86.19,87.77,88.28,87.69,88.37,93.2,92.09,89.97,89.66,88.92,88.91,90.31,90.61,91.44,91.63,91.39,93.48,94.1,95.08,93.24,93.7,93.24,91.73,91.63,92.08,92.32,93.44,92.99,96.46,100.01,100.13,98.36,96.42,95.68,100.23,100.19,99.88,97.75,97.49,98.08,98.63,100.44,105.69,105.18,100.76,98.12,98.52,97.53,96.7,97.36,99.76,99.44,100.2,100.26,101.09,101.91,100.94,99.42,99.97,99.11,99.51,99.12,99.21,99.94,100.54,102.75,102.38,100.92,99.74,99.91,100.62,100.51,100.87,101.85,102.79,101.65,103.1,104.81,104.02,102.88,103,102.6,102.39,102.02
,,最低20%所得家庭#七.雜項類,最低20%所得家庭#七.雜項類(民國105年=100),..,..,..,..,..,..,..,..,..,..,..,..,..,..,..,..,..,..,..,..,..,..,..,..,..,..,..,..,..,..,..,..,..,..,..,..,..,..,..,..,..,..,..,..,..,..,..,..,..,..,..,..,..,..,..,..,..,..,..,..,..,..,..,..,..,..,..,..,..,..,..,..,..,..,..,..,..,..,..,..,..,..,..,..,..,..,..,..,..,..,..,..,..,..,..,..,..,..,..,..,..,..,..,..,..,..,..,..,..,..,..,..,..,..,..,..,..,..,..,..,..,..,..,..,..,..,..,..,..,..,..,..,..,..,..,..,..,..,..,..,..,..,..,..,..,..,..,..,..,..,..,..,..,..,..,..,..,..,..,..,..,..,..,..,..,..,..,..,..,..,..,..,..,..,..,..,..,..,..,..,..,..,..,..,..,..,..,..,..,..,..,..,..,..,..,..,..,..,..,..,..,..,..,..,..,..,..,..,..,..,..,..,..,..,..,..,..,..,..,..,..,..,..,..,..,..,..,..,..,..,..,..,..,..,..,..,..,..,..,..,..,..,..,..,..,..,..,..,..,..,..,..,..,..,..,..,..,..,..,..,..,..,..,..,..,..,..,..,..,..,..,..,..,..,..,..,..,..,..,..,..,..,..,..,..,..,..,..,..,..,..,..,..,..,..,..,..,..,..,..,..,..,..,..,..,..,..,..,..,..,..,..,..,..,..,..,..,..,..,..,..,..,..,..,83.24,84.16,84.59,85.03,84.63,85.33,85.09,84.41,84.62,84.21,84.33,84.68,84.84,85.56,85.62,85.87,85.46,87.09,88.47,89.75,90.45,89.57,90.63,91,90.38,91.28,91.52,92.44,90.66,92.47,92.25,91.85,91.09,90.51,91.72,91.72,90.74,92.06,92.8,93.16,92.94,93.63,93.18,93.31,92.76,92.84,93.3,92.72,93.45,94.16,94.22,95.8,95.33,95.24,95.48,95.28,95,94.91,95.7,96.38,96.24,96.64,96.36,96.93,96.32,96.22,96.16,96.49,96.26,95.62,96.02,96.99,97.83,98.02,98.35,98.74,98.52,98.53,97.95,97.86,97.82,97.34,97.62,97.71,98.04,98.43,98.86,99,99.04,99.15,98.17,98.35,97.91,97.24,98.44,98.87,98.34,99.99,99.81,100.17,100.74,100.8,100.37,99.98,100.1,99.6,99.93,100.18,101.04,101.46,102.13,103.37,103.31,101.16,100.78,100.86,102.14,104.15,107.57,109.7,110.12,112.48,111.06,111.56,111.66,111.75,111.43,110.87,110.82,110.24,110.58,111.08,111,113.15,111.88,112.01,111.91,111.84,111.36,111.47,111.89,111.36,111.7,111.93,113.61,113.08,113.18
,,最低20%所得家庭#二.衣著類,最低20%所得家庭#二.衣著類(民國105年=100),..,..,..,..,..,..,..,..,..,..,..,..,..,..,..,..,..,..,..,..,..,..,..,..,..,..,..,..,..,..,..,..,..,..,..,..,..,..,..,..,..,..,..,..,..,..,..,..,..,..,..,..,..,..,..,..,..,..,..,..,..,..,..,..,..,..,..,..,..,..,..,..,..,..,..,..,..,..,..,..,..,..,..,..,..,..,..,..,..,..,..,..,..,..,..,..,..,..,..,..,..,..,..,..,..,..,..,..,..,..,..,..,..,..,..,..,..,..,..,..,..,..,..,..,..,..,..,..,..,..,..,..,..,..,..,..,..,..,..,..,..,..,..,..,..,..,..,..,..,..,..,..,..,..,..,..,..,..,..,..,..,..,..,..,..,..,..,..,..,..,..,..,..,..,..,..,..,..,..,..,..,..,..,..,..,..,..,..,..,..,..,..,..,..,..,..,..,..,..,..,..,..,..,..,..,..,..,..,..,..,..,..,..,..,..,..,..,..,..,..,..,..,..,..,..,..,..,..,..,..,..,..,..,..,..,..,..,..,..,..,..,..,..,..,..,..,..,..,..,..,..,..,..,..,..,..,..,..,..,..,..,..,..,..,..,..,..,..,..,..,..,..,..,..,..,..,..,..,..,..,..,..,..,..,..,..,..,..,..,..,..,..,..,..,..,..,..,..,..,..,..,..,..,..,..,..,..,..,..,..,..,..,..,..,..,..,..,..,..,..,..,..,..,..,93.96,89.03,86.36,97.6,99.15,96.68,93.96,89.83,87.25,97.72,101.53,98.26,92.92,87.66,85.21,96.77,97.88,94.9,91.28,87.69,85.23,99.16,100.45,97.84,93.4,88.56,85.24,96.16,96.95,95.09,92.72,89.7,86.96,99.43,102.33,100.34,95.11,91.37,89.08,98.69,100.6,98.76,96.73,92.8,89.75,107.32,107.09,104.34,98.87,94.28,91,104.83,102.25,99.94,97.01,93.94,92.07,109.2,106.61,104.22,99.38,95.52,94.17,103.52,102.15,100.18,97.32,93.84,92.53,105.82,104.15,101.42,98.08,94.92,93.06,104.96,103.93,102.32,99.75,96.24,95.35,107.88,105.27,102.71,99.3,95.61,93.97,104.41,102.84,100.75,98.1,95.57,94.73,106.43,104.42,101.69,97.54,94.71,93.75,104.53,102.95,100.82,98.43,96.7,96,107.41,104.74,102.42,97.82,94.9,94.1,103.71,102.7,100.94,98.2,95.28,94.75,106.91,104.67,102.49,99.22,96.3,95.24,104,102.25,100.42,98.22,96.28,95.98,104.91,103.41,100.92,97.54,94.58,94.34,101.81,101.04,98.84,97.06,95.26,94.86,106.07,103.75,102.08,99.35,97.33,96.14
,,最低20%所得家庭#三.居住類,最低20%所得家庭#三.居住類(民國105年=100),..,..,..,..,..,..,..,..,..,..,..,..,..,..,..,..,..,..,..,..,..,..,..,..,..,..,..,..,..,..,..,..,..,..,..,..,..,..,..,..,..,..,..,..,..,..,..,..,..,..,..,..,..,..,..,..,..,..,..,..,..,..,..,..,..,..,..,..,..,..,..,..,..,..,..,..,..,..,..,..,..,..,..,..,..,..,..,..,..,..,..,..,..,..,..,..,..,..,..,..,..,..,..,..,..,..,..,..,..,..,..,..,..,..,..,..,..,..,..,..,..,..,..,..,..,..,..,..,..,..,..,..,..,..,..,..,..,..,..,..,..,..,..,..,..,..,..,..,..,..,..,..,..,..,..,..,..,..,..,..,..,..,..,..,..,..,..,..,..,..,..,..,..,..,..,..,..,..,..,..,..,..,..,..,..,..,..,..,..,..,..,..,..,..,..,..,..,..,..,..,..,..,..,..,..,..,..,..,..,..,..,..,..,..,..,..,..,..,..,..,..,..,..,..,..,..,..,..,..,..,..,..,..,..,..,..,..,..,..,..,..,..,..,..,..,..,..,..,..,..,..,..,..,..,..,..,..,..,..,..,..,..,..,..,..,..,..,..,..,..,..,..,..,..,..,..,..,..,..,..,..,..,..,..,..,..,..,..,..,..,..,..,..,..,..,..,..,..,..,..,..,..,..,..,..,..,..,..,..,..,..,..,..,..,..,..,..,..,..,..,..,..,..,..,96.31,96.49,96.53,96.58,96.7,98.46,98.79,98.85,98.9,98.28,97.89,97.15,96.83,96.95,96.91,96.75,96.7,97.93,98.09,98.14,97.06,97.02,97.18,97.13,97.29,97.3,97.37,97.42,97.42,98.54,98.57,98.46,98.55,97.46,97.48,97.68,97.67,97.66,97.8,97.91,98,99.28,99.39,99.47,99.52,98.46,98.49,98.5,98.46,98.7,98.93,98.9,98.87,100.41,100.62,100.89,101.13,99.94,99.92,99.95,99.95,100.04,100.15,100.16,100.18,101.25,101.34,101.44,101.61,100.67,100.82,100.93,100.67,100.79,100.89,100.92,100.99,102.46,102.56,102.91,102.94,101.49,101.3,101.05,98.45,98.55,100.44,99.81,100.16,101.52,101.67,101.65,101.53,99.96,100.14,100.22,99.96,99.79,99.87,99.2,99.24,100.69,100.69,100.68,100.77,99.63,99.72,99.75,99.93,100.05,100.19,100.22,100.25,101.71,101.65,101.97,102.21,101.16,101.25,101.27,101.22,101.19,101.23,101.32,101.53,102.92,103,103.13,103.25,102.08,102.01,101.91,101.82,102.03,102.24,102.39,102.55,103.69,103.62,103.61,103.59,102.35,102.38,102.44,102.58,102.67,102.73
,,最低20%所得家庭#五.醫藥保健類,最低20%所得家庭#五.醫藥保健類(民國105年=100),..,..,..,..,..,..,..,..,..,..,..,..,..,..,..,..,..,..,..,..,..,..,..,..,..,..,..,..,..,..,..,..,..,..,..,..,..,..,..,..,..,..,..,..,..,..,..,..,..,..,..,..,..,..,..,..,..,..,..,..,..,..,..,..,..,..,..,..,..,..,..,..,..,..,..,..,..,..,..,..,..,..,..,..,..,..,..,..,..,..,..,..,..,..,..,..,..,..,..,..,..,..,..,..,..,..,..,..,..,..,..,..,..,..,..,..,..,..,..,..,..,..,..,..,..,..,..,..,..,..,..,..,..,..,..,..,..,..,..,..,..,..,..,..,..,..,..,..,..,..,..,..,..,..,..,..,..,..,..,..,..,..,..,..,..,..,..,..,..,..,..,..,..,..,..,..,..,..,..,..,..,..,..,..,..,..,..,..,..,..,..,..,..,..,..,..,..,..,..,..,..,..,..,..,..,..,..,..,..,..,..,..,..,..,..,..,..,..,..,..,..,..,..,..,..,..,..,..,..,..,..,..,..,..,..,..,..,..,..,..,..,..,..,..,..,..,..,..,..,..,..,..,..,..,..,..,..,..,..,..,..,..,..,..,..,..,..,..,..,..,..,..,..,..,..,..,..,..,..,..,..,..,..,..,..,..,..,..,..,..,..,..,..,..,..,..,..,..,..,..,..,..,..,..,..,..,..,..,..,..,..,..,..,..,..,..,..,..,..,..,..,..,..,..,91.8,91.92,92.17,92.4,92.43,92.44,92.56,92.75,92.83,92.84,92.92,92.92,92.64,92.7,92.72,92.74,92.69,93.65,93.78,93.59,93.54,93.27,93.27,93.34,93.42,93.45,93.51,93.82,93.88,93.85,93.72,93.8,94.64,94.71,95.01,95.34,95.33,95.55,95.8,96.41,96.54,96.84,96.95,97.03,97.06,97.03,97.04,97.02,96.85,96.61,96.8,97.22,97.12,97.39,97.36,97.27,97.41,97.65,97.74,98.04,97.76,97.91,98.23,98.18,98.3,98.51,98.44,98.48,98.51,98.23,98.45,98.6,98.47,98.72,99,99.15,99,99.24,99.21,99.19,99.3,98.92,99.04,99,99.17,99.02,99.27,99.09,99.02,99.2,99.31,99.32,99.53,99.44,99.39,99.59,99.54,99.52,99.86,100.11,99.96,99.97,99.92,100.15,100.1,100.17,100.34,100.35,100.37,100.76,101.19,101.82,102.32,102.36,102.39,102.45,102.55,102.44,102.41,102.61,102.59,102.87,102.98,103.21,102.79,103.22,103.64,103.69,103.61,103.49,103.47,103.42,103.52,103.61,103.99,103.76,103.58,103.92,104.16,104.45,104.48,104.19,104.48,104.33,104.54,104.45,104.87
,,最低20%所得家庭#六.教養娛樂類,最低20%所得家庭#六.教養娛樂類(民國105年=100),..,..,..,..,..,..,..,..,..,..,..,..,..,..,..,..,..,..,..,..,..,..,..,..,..,..,..,..,..,..,..,..,..,..,..,..,..,..,..,..,..,..,..,..,..,..,..,..,..,..,..,..,..,..,..,..,..,..,..,..,..,..,..,..,..,..,..,..,..,..,..,..,..,..,..,..,..,..,..,..,..,..,..,..,..,..,..,..,..,..,..,..,..,..,..,..,..,..,..,..,..,..,..,..,..,..,..,..,..,..,..,..,..,..,..,..,..,..,..,..,..,..,..,..,..,..,..,..,..,..,..,..,..,..,..,..,..,..,..,..,..,..,..,..,..,..,..,..,..,..,..,..,..,..,..,..,..,..,..,..,..,..,..,..,..,..,..,..,..,..,..,..,..,..,..,..,..,..,..,..,..,..,..,..,..,..,..,..,..,..,..,..,..,..,..,..,..,..,..,..,..,..,..,..,..,..,..,..,..,..,..,..,..,..,..,..,..,..,..,..,..,..,..,..,..,..,..,..,..,..,..,..,..,..,..,..,..,..,..,..,..,..,..,..,..,..,..,..,..,..,..,..,..,..,..,..,..,..,..,..,..,..,..,..,..,..,..,..,..,..,..,..,..,..,..,..,..,..,..,..,..,..,..,..,..,..,..,..,..,..,..,..,..,..,..,..,..,..,..,..,..,..,..,..,..,..,..,..,..,..,..,..,..,..,..,..,..,..,..,..,..,..,..,..,99.88,100.67,99.85,99.93,99.87,100.13,100.94,101.03,100.8,100.9,100.59,100.47,101.27,100.15,100.1,100.01,99.8,99.74,100.2,100.12,99.56,99.46,99.39,99.16,99.16,100.28,99.37,99.48,99.43,99.38,99.97,99.83,99.86,99.89,99.79,99.73,99.9,100.34,99.71,99.65,99.55,99.72,100.24,100.1,99.7,99.7,99.57,99.5,100.08,99.57,99.61,99.68,99.91,100.14,100.6,100.53,100.15,100.2,100.04,99.92,99.8,101.24,99.62,99.84,99.6,99.89,100.51,100.36,100.6,100.17,99.79,99.57,100.28,100.24,99.56,99.9,99.95,100.24,100.59,100.54,100.18,99.89,99.3,99.33,99.27,100.51,99.28,99.69,99.55,100.15,100.63,100.7,100.11,100.02,99.65,99.48,99.33,101.01,99.6,99.91,99.81,99.7,100.35,100.35,100.15,100.2,99.86,99.73,100.68,100.06,99.81,100.01,99.93,100.07,100.6,100.55,100.28,100.38,99.99,100.15,99.54,102.41,99.92,100.29,100.24,100.87,101.94,102.02,100.55,100.72,99.71,99.78,99.65,101.98,100.07,101.33,101.25,101.62,102.4,102.16,101.46,101.63,100.77,100.66,102.85,100.23,98.98
,,最低20%所得家庭#四.交通及通訊類,最低20%所得家庭#四.交通及通訊類(民國105年=100),..,..,..,..,..,..,..,..,..,..,..,..,..,..,..,..,..,..,..,..,..,..,..,..,..,..,..,..,..,..,..,..,..,..,..,..,..,..,..,..,..,..,..,..,..,..,..,..,..,..,..,..,..,..,..,..,..,..,..,..,..,..,..,..,..,..,..,..,..,..,..,..,..,..,..,..,..,..,..,..,..,..,..,..,..,..,..,..,..,..,..,..,..,..,..,..,..,..,..,..,..,..,..,..,..,..,..,..,..,..,..,..,..,..,..,..,..,..,..,..,..,..,..,..,..,..,..,..,..,..,..,..,..,..,..,..,..,..,..,..,..,..,..,..,..,..,..,..,..,..,..,..,..,..,..,..,..,..,..,..,..,..,..,..,..,..,..,..,..,..,..,..,..,..,..,..,..,..,..,..,..,..,..,..,..,..,..,..,..,..,..,..,..,..,..,..,..,..,..,..,..,..,..,..,..,..,..,..,..,..,..,..,..,..,..,..,..,..,..,..,..,..,..,..,..,..,..,..,..,..,..,..,..,..,..,..,..,..,..,..,..,..,..,..,..,..,..,..,..,..,..,..,..,..,..,..,..,..,..,..,..,..,..,..,..,..,..,..,..,..,..,..,..,..,..,..,..,..,..,..,..,..,..,..,..,..,..,..,..,..,..,..,..,..,..,..,..,..,..,..,..,..,..,..,..,..,..,..,..,..,..,..,..,..,..,..,..,..,..,..,..,..,..,..,107.33,107.77,107.54,108.21,108.22,110.78,112.41,111.01,108.76,106.09,102.38,100.68,101.86,101.57,101.81,102.92,103.68,104.65,104.43,105.12,104.88,105.37,106.5,106.34,107.61,107.16,106.65,106.74,106.73,106.01,105.83,105.85,105.52,106.23,106.62,106.96,107.85,108.01,108.66,108.68,108.35,108.15,106.76,106.57,106.69,106.56,106.51,106.13,106.37,106.2,106.17,107.9,107.06,106.1,106.48,107.99,108.42,108.56,108.03,108.15,108.2,109.59,108.41,107.91,107.55,107.63,107.2,107.46,107.87,107.25,106.91,107.27,107.49,107.46,107.61,107.4,107.49,107.84,108.18,107.95,107.16,106.21,105.03,102.94,100.84,101.41,101.5,101.57,102.78,102.57,102.19,101.09,100.36,100.84,100.01,98.93,97.89,98.11,98.85,99.31,100.56,101.12,100.86,100.27,100.44,101.08,100.31,101.2,102.08,101.81,101.68,101.72,101.36,100.89,101.15,101.56,101.7,102.35,103.14,103.21,104.05,104.51,103.79,104.19,103.95,104.47,105.88,105.68,104.78,105.02,103.87,102.22,102.41,102.96,102.94,103.9,103.8,102.94,103.95,102.65,101.55,101.41,101.4,101.76,102.69,100.46,98.25
,,最低20%所得家庭#總指數,最低20%所得家庭#總指數(民國105年=100),..,..,..,..,..,..,..,..,..,..,..,..,..,..,..,..,..,..,..,..,..,..,..,..,..,..,..,..,..,..,..,..,..,..,..,..,..,..,..,..,..,..,..,..,..,..,..,..,..,..,..,..,..,..,..,..,..,..,..,..,..,..,..,..,..,..,..,..,..,..,..,..,..,..,..,..,..,..,..,..,..,..,..,..,..,..,..,..,..,..,..,..,..,..,..,..,..,..,..,..,..,..,..,..,..,..,..,..,..,..,..,..,..,..,..,..,..,..,..,..,..,..,..,..,..,..,..,..,..,..,..,..,..,..,..,..,..,..,..,..,..,..,..,..,..,..,..,..,..,..,..,..,..,..,..,..,..,..,..,..,..,..,..,..,..,..,..,..,..,..,..,..,..,..,..,..,..,..,..,..,..,..,..,..,..,..,..,..,..,..,..,..,..,..,..,..,..,..,..,..,..,..,..,..,..,..,..,..,..,..,..,..,..,..,..,..,..,..,..,..,..,..,..,..,..,..,..,..,..,..,..,..,..,..,..,..,..,..,..,..,..,..,..,..,..,..,..,..,..,..,..,..,..,..,..,..,..,..,..,..,..,..,..,..,..,..,..,..,..,..,..,..,..,..,..,..,..,..,..,..,..,..,..,..,..,..,..,..,..,..,..,..,..,..,..,..,..,..,..,..,..,..,..,..,..,..,..,..,..,..,..,..,..,..,..,..,..,..,..,..,..,..,..,..,89.8,90.44,90.04,90.82,90.9,92.78,93.16,93.64,93.2,94.73,94.08,92.22,91.18,90.33,90.5,90.98,91.48,91.48,91.68,93.6,92.9,92.96,92.26,91.83,91.92,91.7,91.6,92.26,92.15,92.6,92.82,92.9,92.97,93.47,93.75,93.01,92.87,92.97,92.82,93.38,93.71,94.37,93.98,94.17,94.3,94.66,94.76,95.09,94.8,94.05,94.14,94.7,95.31,96.18,96.59,97.68,97.33,96.93,96.31,96.66,96.45,96.08,95.37,95.93,96.34,96.88,96.64,96.84,98.54,98.05,97.31,97.26,96.94,96.92,97.36,97.83,98.1,98.72,98.63,99.33,99.43,99.42,98.53,98.35,97.01,96.6,97.14,97.39,97.65,98.5,98.29,99.3,100.3,100.09,99.46,98.69,98.1,99.75,99.7,99.74,99.13,99.55,99.68,99.75,100.38,102.08,101.8,100.35,99.6,99.67,99.4,99.51,99.7,100.82,100.67,101,101.16,101.57,102.06,101.84,101.34,101.93,101.23,101.84,101.68,102.21,102.59,102.67,103.14,102.96,102.28,101.69,101.59,102.24,101.99,102.63,102.91,103.41,103.1,103.33,103.71,103.42,102.99,103.03,103.33,102.7,102.27
,,最高20%所得家庭#一.食物類,最高20%所得家庭#一.食物類(民國105年=100),..,..,..,..,..,..,..,..,..,..,..,..,..,..,..,..,..,..,..,..,..,..,..,..,..,..,..,..,..,..,..,..,..,..,..,..,..,..,..,..,..,..,..,..,..,..,..,..,..,..,..,..,..,..,..,..,..,..,..,..,..,..,..,..,..,..,..,..,..,..,..,..,..,..,..,..,..,..,..,..,..,..,..,..,..,..,..,..,..,..,..,..,..,..,..,..,..,..,..,..,..,..,..,..,..,..,..,..,..,..,..,..,..,..,..,..,..,..,..,..,..,..,..,..,..,..,..,..,..,..,..,..,..,..,..,..,..,..,..,..,..,..,..,..,..,..,..,..,..,..,..,..,..,..,..,..,..,..,..,..,..,..,..,..,..,..,..,..,..,..,..,..,..,..,..,..,..,..,..,..,..,..,..,..,..,..,..,..,..,..,..,..,..,..,..,..,..,..,..,..,..,..,..,..,..,..,..,..,..,..,..,..,..,..,..,..,..,..,..,..,..,..,..,..,..,..,..,..,..,..,..,..,..,..,..,..,..,..,..,..,..,..,..,..,..,..,..,..,..,..,..,..,..,..,..,..,..,..,..,..,..,..,..,..,..,..,..,..,..,..,..,..,..,..,..,..,..,..,..,..,..,..,..,..,..,..,..,..,..,..,..,..,..,..,..,..,..,..,..,..,..,..,..,..,..,..,..,..,..,..,..,..,..,..,..,..,..,..,..,..,..,..,..,..,77.29,78.99,78.2,79.07,79.26,82.11,82.69,84.75,84.17,88.79,87.81,84.06,81.56,79.73,80.35,80.61,81.76,80.45,80.86,85.97,85.2,84.45,81.81,80.93,81.22,80.91,80.96,81.62,81.58,81.93,82.69,83.26,83.74,85.03,85.13,82.92,83.09,83.24,82.57,83.09,83.91,84.52,83.98,84.7,85.4,86.02,86.19,87.67,87.12,85.18,85.24,85.03,87.12,88.38,89.27,92.03,90.9,89.56,88.05,89.1,89.03,87.92,86.82,87.29,88.45,88.76,88.11,88.84,92.48,91.92,90.51,90.43,90.3,90.31,91.6,91.82,92.43,92.24,91.99,93.69,94.36,95.19,93.93,94.28,94.09,93.08,92.89,93.08,93.21,93.85,93.59,96.37,99.3,99.59,98.38,97.04,96.6,99.94,99.95,99.76,98.3,98.13,98.52,98.99,100.49,104.29,103.96,101.08,99.63,100.08,99.11,98.14,98.61,100.11,99.6,100.18,100.41,101.05,101.83,101.19,99.96,100.5,99.94,100.35,100.05,100.12,100.66,101.17,102.9,102.71,101.71,100.79,100.98,101.54,101.46,101.73,102.62,103.45,102.41,103.52,104.96,104.42,103.57,103.71,103.49,103.32,103.11
,,最高20%所得家庭#七.雜項類,最高20%所得家庭#七.雜項類(民國105年=100),..,..,..,..,..,..,..,..,..,..,..,..,..,..,..,..,..,..,..,..,..,..,..,..,..,..,..,..,..,..,..,..,..,..,..,..,..,..,..,..,..,..,..,..,..,..,..,..,..,..,..,..,..,..,..,..,..,..,..,..,..,..,..,..,..,..,..,..,..,..,..,..,..,..,..,..,..,..,..,..,..,..,..,..,..,..,..,..,..,..,..,..,..,..,..,..,..,..,..,..,..,..,..,..,..,..,..,..,..,..,..,..,..,..,..,..,..,..,..,..,..,..,..,..,..,..,..,..,..,..,..,..,..,..,..,..,..,..,..,..,..,..,..,..,..,..,..,..,..,..,..,..,..,..,..,..,..,..,..,..,..,..,..,..,..,..,..,..,..,..,..,..,..,..,..,..,..,..,..,..,..,..,..,..,..,..,..,..,..,..,..,..,..,..,..,..,..,..,..,..,..,..,..,..,..,..,..,..,..,..,..,..,..,..,..,..,..,..,..,..,..,..,..,..,..,..,..,..,..,..,..,..,..,..,..,..,..,..,..,..,..,..,..,..,..,..,..,..,..,..,..,..,..,..,..,..,..,..,..,..,..,..,..,..,..,..,..,..,..,..,..,..,..,..,..,..,..,..,..,..,..,..,..,..,..,..,..,..,..,..,..,..,..,..,..,..,..,..,..,..,..,..,..,..,..,..,..,..,..,..,..,..,..,..,..,..,..,..,..,..,..,..,..,..,88.55,95.66,89.67,89.95,89.58,90.55,90.33,89.78,90.8,89.73,89.6,89.94,96.08,90.71,90.79,90.78,91.01,91.16,91.58,92.25,92.71,92.62,92.71,93.06,92.48,100.25,93.32,94.04,92.77,94.99,94.01,93.84,94.33,92.99,93.87,93.93,93.07,101.6,94.59,94.76,94.62,95.96,94.86,95.21,96.14,95.04,95.48,94.9,103.65,96.08,95.98,96.89,96.4,97.43,96.7,96.64,97.86,96.53,97.06,97.49,97.14,103.84,97,97.1,96.59,97.98,96.8,97.08,97.87,96.37,96.53,97.08,104.33,97.67,98.03,98.22,97.98,98.96,98.17,97.96,99.06,97.51,97.73,97.86,97.93,105.19,98.1,98.01,97.98,98.62,97.99,98.08,99.02,97.51,98.2,98.47,98.03,106.07,99.18,99.07,99.51,100.29,99.51,99.5,100.71,99.21,99.46,99.47,105.69,99.64,99.66,100.1,100.73,99.89,99.98,99.94,100.65,101.94,102.19,103.22,103.54,107.45,103.88,103.94,103.84,104.03,103.79,103.45,104.07,103.3,103.63,104.02,103.88,107.56,104.23,104.2,104.31,105,104.66,104.89,105.51,104.66,104.71,104.79,108,105.05,105.29
,,最高20%所得家庭#二.衣著類,最高20%所得家庭#二.衣著類(民國105年=100),..,..,..,..,..,..,..,..,..,..,..,..,..,..,..,..,..,..,..,..,..,..,..,..,..,..,..,..,..,..,..,..,..,..,..,..,..,..,..,..,..,..,..,..,..,..,..,..,..,..,..,..,..,..,..,..,..,..,..,..,..,..,..,..,..,..,..,..,..,..,..,..,..,..,..,..,..,..,..,..,..,..,..,..,..,..,..,..,..,..,..,..,..,..,..,..,..,..,..,..,..,..,..,..,..,..,..,..,..,..,..,..,..,..,..,..,..,..,..,..,..,..,..,..,..,..,..,..,..,..,..,..,..,..,..,..,..,..,..,..,..,..,..,..,..,..,..,..,..,..,..,..,..,..,..,..,..,..,..,..,..,..,..,..,..,..,..,..,..,..,..,..,..,..,..,..,..,..,..,..,..,..,..,..,..,..,..,..,..,..,..,..,..,..,..,..,..,..,..,..,..,..,..,..,..,..,..,..,..,..,..,..,..,..,..,..,..,..,..,..,..,..,..,..,..,..,..,..,..,..,..,..,..,..,..,..,..,..,..,..,..,..,..,..,..,..,..,..,..,..,..,..,..,..,..,..,..,..,..,..,..,..,..,..,..,..,..,..,..,..,..,..,..,..,..,..,..,..,..,..,..,..,..,..,..,..,..,..,..,..,..,..,..,..,..,..,..,..,..,..,..,..,..,..,..,..,..,..,..,..,..,..,..,..,..,..,..,..,..,..,..,..,..,..,93.34,88.39,86.36,98.29,99,96.03,92.26,88.2,86.33,98.83,101.16,97.15,91.28,86.58,84.55,97.14,97.57,94.31,90.63,87.27,85.55,100.86,101.36,98.33,93.44,89.02,86.16,97.45,98.06,95.83,93.05,89.5,87.45,99.9,102.19,99.81,94.79,91.17,88.83,99.74,100.8,98.6,95.79,91.44,89.23,107,105.89,102.91,96.63,92.65,90.33,105.23,103.03,100.16,96.53,93.62,92.19,109.23,107.21,104.63,99.42,95.48,93.8,103.68,102.27,100.19,97.13,93.4,92.12,106.81,104.76,101.75,98.09,94.78,92.98,105.34,104.21,102.22,99.48,95.81,95.06,108.77,105.68,102.96,99.42,95.44,93.69,104.86,103.18,100.78,97.96,95.36,94.59,107.45,104.97,102.21,97.68,94.36,93.49,104.76,102.83,100.45,98.1,96.36,95.68,108.27,105.26,102.76,97.8,94.66,93.94,103.96,102.86,101.15,98.34,95.2,94.68,108,105.44,103.31,99.92,96.56,95.73,104.45,102.6,100.87,98.61,96.56,96.27,106.13,104.45,102.12,98.23,95.31,95.08,102.52,101.54,99.6,97.47,95.83,95.41,107.3,104.62,102.66,99.29,97.08,96.01
,,最高20%所得家庭#三.居住類,最高20%所得家庭#三.居住類(民國105年=100),..,..,..,..,..,..,..,..,..,..,..,..,..,..,..,..,..,..,..,..,..,..,..,..,..,..,..,..,..,..,..,..,..,..,..,..,..,..,..,..,..,..,..,..,..,..,..,..,..,..,..,..,..,..,..,..,..,..,..,..,..,..,..,..,..,..,..,..,..,..,..,..,..,..,..,..,..,..,..,..,..,..,..,..,..,..,..,..,..,..,..,..,..,..,..,..,..,..,..,..,..,..,..,..,..,..,..,..,..,..,..,..,..,..,..,..,..,..,..,..,..,..,..,..,..,..,..,..,..,..,..,..,..,..,..,..,..,..,..,..,..,..,..,..,..,..,..,..,..,..,..,..,..,..,..,..,..,..,..,..,..,..,..,..,..,..,..,..,..,..,..,..,..,..,..,..,..,..,..,..,..,..,..,..,..,..,..,..,..,..,..,..,..,..,..,..,..,..,..,..,..,..,..,..,..,..,..,..,..,..,..,..,..,..,..,..,..,..,..,..,..,..,..,..,..,..,..,..,..,..,..,..,..,..,..,..,..,..,..,..,..,..,..,..,..,..,..,..,..,..,..,..,..,..,..,..,..,..,..,..,..,..,..,..,..,..,..,..,..,..,..,..,..,..,..,..,..,..,..,..,..,..,..,..,..,..,..,..,..,..,..,..,..,..,..,..,..,..,..,..,..,..,..,..,..,..,..,..,..,..,..,..,..,..,..,..,..,..,..,..,..,..,..,..,95.8,96.45,96.19,96.32,96.45,97.69,98,98.08,98.2,97.69,97.43,96.92,97.07,96.66,96.61,96.48,96.45,97.35,97.42,97.43,96.56,96.57,96.57,96.51,96.61,97.02,96.75,96.82,96.86,97.77,97.76,97.7,97.81,96.9,96.96,97.14,97.14,97.66,97.43,97.56,97.7,98.75,98.84,98.92,98.99,98.13,98.17,98.16,98.51,98.28,98.42,98.47,98.49,99.74,99.91,100.07,100.32,99.39,99.37,99.39,99.34,99.62,99.67,99.66,99.66,100.7,100.71,100.78,100.93,99.99,100.12,100.21,100.26,100.27,100.38,100.43,100.38,101.8,101.84,102.16,102.2,100.83,100.78,100.53,98.24,98.49,100.08,99.53,99.86,101.24,101.4,101.35,101.33,99.86,99.95,99.91,99.83,99.98,99.95,99.27,99.23,100.62,100.73,100.73,100.79,99.63,99.64,99.6,99.96,99.95,100.14,100.16,100.18,101.54,101.58,101.72,101.89,100.77,100.87,100.84,100.84,101.06,101.09,101.17,101.32,102.45,102.42,102.46,102.62,101.63,101.61,101.62,101.56,101.92,101.94,102,102.13,103.04,102.96,102.95,103.01,102.03,102,102.07,102.35,102.27,102.41
,,最高20%所得家庭#五.醫藥保健類,最高20%所得家庭#五.醫藥保健類(民國105年=100),..,..,..,..,..,..,..,..,..,..,..,..,..,..,..,..,..,..,..,..,..,..,..,..,..,..,..,..,..,..,..,..,..,..,..,..,..,..,..,..,..,..,..,..,..,..,..,..,..,..,..,..,..,..,..,..,..,..,..,..,..,..,..,..,..,..,..,..,..,..,..,..,..,..,..,..,..,..,..,..,..,..,..,..,..,..,..,..,..,..,..,..,..,..,..,..,..,..,..,..,..,..,..,..,..,..,..,..,..,..,..,..,..,..,..,..,..,..,..,..,..,..,..,..,..,..,..,..,..,..,..,..,..,..,..,..,..,..,..,..,..,..,..,..,..,..,..,..,..,..,..,..,..,..,..,..,..,..,..,..,..,..,..,..,..,..,..,..,..,..,..,..,..,..,..,..,..,..,..,..,..,..,..,..,..,..,..,..,..,..,..,..,..,..,..,..,..,..,..,..,..,..,..,..,..,..,..,..,..,..,..,..,..,..,..,..,..,..,..,..,..,..,..,..,..,..,..,..,..,..,..,..,..,..,..,..,..,..,..,..,..,..,..,..,..,..,..,..,..,..,..,..,..,..,..,..,..,..,..,..,..,..,..,..,..,..,..,..,..,..,..,..,..,..,..,..,..,..,..,..,..,..,..,..,..,..,..,..,..,..,..,..,..,..,..,..,..,..,..,..,..,..,..,..,..,..,..,..,..,..,..,..,..,..,..,..,..,..,..,..,..,..,..,..,93.5,93.46,93.77,93.96,93.99,93.83,93.85,94.16,94.28,94.31,94.45,94.41,93.99,94.27,94.29,94.36,94.21,94.9,95.02,94.86,94.68,94.42,94.37,94.52,94.6,94.48,94.62,94.96,94.82,94.85,94.74,94.71,95.37,95.41,95.5,95.66,95.61,95.75,96.09,96.53,96.57,96.88,96.9,97.03,97,97.07,97.12,97.05,97.02,96.8,96.93,97.23,97.15,97.42,97.38,97.27,97.34,97.65,97.8,98.17,97.66,97.88,98.23,98.12,98.27,98.44,98.5,98.53,98.46,98.13,98.37,98.53,98.38,98.68,98.83,98.95,98.79,99.12,99.09,98.91,99.12,98.75,98.91,98.77,98.86,98.83,99.1,98.88,98.78,99.03,99.2,99.16,99.56,99.47,99.38,99.62,99.54,99.52,99.73,100.19,99.91,100,99.86,100.13,100,100.22,100.41,100.5,100.5,100.88,101.17,101.42,101.62,101.7,101.71,101.8,101.91,101.68,101.75,101.8,101.9,102.12,102.08,102.28,101.79,102.38,102.67,102.71,102.64,102.55,102.47,102.35,102.73,102.84,103.18,102.95,102.76,103.03,103.25,103.56,103.56,103.36,103.6,103.47,103.64,103.46,103.8
,,最高20%所得家庭#六.教養娛樂類,最高20%所得家庭#六.教養娛樂類(民國105年=100),..,..,..,..,..,..,..,..,..,..,..,..,..,..,..,..,..,..,..,..,..,..,..,..,..,..,..,..,..,..,..,..,..,..,..,..,..,..,..,..,..,..,..,..,..,..,..,..,..,..,..,..,..,..,..,..,..,..,..,..,..,..,..,..,..,..,..,..,..,..,..,..,..,..,..,..,..,..,..,..,..,..,..,..,..,..,..,..,..,..,..,..,..,..,..,..,..,..,..,..,..,..,..,..,..,..,..,..,..,..,..,..,..,..,..,..,..,..,..,..,..,..,..,..,..,..,..,..,..,..,..,..,..,..,..,..,..,..,..,..,..,..,..,..,..,..,..,..,..,..,..,..,..,..,..,..,..,..,..,..,..,..,..,..,..,..,..,..,..,..,..,..,..,..,..,..,..,..,..,..,..,..,..,..,..,..,..,..,..,..,..,..,..,..,..,..,..,..,..,..,..,..,..,..,..,..,..,..,..,..,..,..,..,..,..,..,..,..,..,..,..,..,..,..,..,..,..,..,..,..,..,..,..,..,..,..,..,..,..,..,..,..,..,..,..,..,..,..,..,..,..,..,..,..,..,..,..,..,..,..,..,..,..,..,..,..,..,..,..,..,..,..,..,..,..,..,..,..,..,..,..,..,..,..,..,..,..,..,..,..,..,..,..,..,..,..,..,..,..,..,..,..,..,..,..,..,..,..,..,..,..,..,..,..,..,..,..,..,..,..,..,..,..,..,98.62,100.36,98.06,98.58,98.66,99.31,101.01,100.89,99.98,100.05,99.41,99.07,100.42,98.09,97.79,97.86,97.38,97.08,98.21,98.04,96.98,96.82,96.48,96.34,96.6,99.2,96.65,97.07,97.05,97.03,98.96,98.5,98.05,98.12,97.85,97.73,98.23,99.41,97.62,97.69,97.35,97.98,99.65,99.31,98.45,98.47,98.01,97.95,99,97.95,98.37,98.76,99.12,99.42,100.69,100.35,99.34,99.47,98.58,98.38,99.04,103.17,98.36,99.3,98.79,99.5,101.77,101.28,100.76,99.85,98.57,98.09,100.01,100.2,98.36,99.52,99.54,100.33,101.87,101.64,100.24,99.95,98.32,98.29,97.99,101.48,98.59,99.42,99.41,100.33,102.04,101.68,100.15,100.19,98.75,98.47,98.58,102.25,98.64,99.63,99.55,99.69,101.88,101.3,100.33,100.41,98.94,98.79,100.98,100.13,99.26,99.91,99.87,100.32,102.25,101.79,99.98,100.48,99.36,99.68,99,102.08,99.73,100.17,100.11,100.86,102.46,102.23,100.4,100.55,99.37,99.64,99.65,102.31,100.06,101.63,101.28,101.88,103.2,102.49,101.43,101.6,100.8,100.96,103.06,100.4,99.64
,,最高20%所得家庭#四.交通及通訊類,最高20%所得家庭#四.交通及通訊類(民國105年=100),..,..,..,..,..,..,..,..,..,..,..,..,..,..,..,..,..,..,..,..,..,..,..,..,..,..,..,..,..,..,..,..,..,..,..,..,..,..,..,..,..,..,..,..,..,..,..,..,..,..,..,..,..,..,..,..,..,..,..,..,..,..,..,..,..,..,..,..,..,..,..,..,..,..,..,..,..,..,..,..,..,..,..,..,..,..,..,..,..,..,..,..,..,..,..,..,..,..,..,..,..,..,..,..,..,..,..,..,..,..,..,..,..,..,..,..,..,..,..,..,..,..,..,..,..,..,..,..,..,..,..,..,..,..,..,..,..,..,..,..,..,..,..,..,..,..,..,..,..,..,..,..,..,..,..,..,..,..,..,..,..,..,..,..,..,..,..,..,..,..,..,..,..,..,..,..,..,..,..,..,..,..,..,..,..,..,..,..,..,..,..,..,..,..,..,..,..,..,..,..,..,..,..,..,..,..,..,..,..,..,..,..,..,..,..,..,..,..,..,..,..,..,..,..,..,..,..,..,..,..,..,..,..,..,..,..,..,..,..,..,..,..,..,..,..,..,..,..,..,..,..,..,..,..,..,..,..,..,..,..,..,..,..,..,..,..,..,..,..,..,..,..,..,..,..,..,..,..,..,..,..,..,..,..,..,..,..,..,..,..,..,..,..,..,..,..,..,..,..,..,..,..,..,..,..,..,..,..,..,..,..,..,..,..,..,..,..,..,..,..,..,..,..,..,107.21,107.68,107.45,108.17,108.16,110.97,112.58,111.07,108.41,105.38,101.26,99.38,100.27,100.01,100.31,101.57,102.26,103.47,103.46,104.11,103.98,104.3,105.64,105.42,106.93,106.2,105.97,106.29,106.26,105.38,105.26,105.48,105.17,105.92,106.34,106.62,107.57,107.83,108.7,108.77,108.46,108.16,107.05,106.96,106.99,106.77,106.77,106.46,106.72,106.89,107.11,109.13,108.14,106.94,107.26,108.99,109.46,109.42,108.77,108.78,109.12,110.39,109.19,108.6,108.15,108.12,107.86,108.36,108.83,108.17,107.79,108.05,108.09,108.11,108.23,107.96,107.99,108.31,108.42,108.14,107.22,106.13,104.88,102.71,100.49,101.16,101.47,101.7,102.81,102.55,102.14,101.06,100.32,100.84,99.95,98.82,97.63,97.95,98.92,99.3,100.57,101.04,100.84,100.42,100.5,101.11,100.41,101.3,102.04,101.94,101.57,101.5,101.06,100.59,100.9,101.31,101.53,102.16,102.75,102.84,103.56,104.17,103.4,103.52,103.33,103.82,105.32,105.3,104.11,104.32,103.31,101.86,102.21,102.73,102.68,103.44,103.36,102.88,104.16,102.89,101.7,101.53,101.33,101.64,102.57,100.47,98.71
,,最高20%所得家庭#總指數,最高20%所得家庭#總指數(民國105年=100),..,..,..,..,..,..,..,..,..,..,..,..,..,..,..,..,..,..,..,..,..,..,..,..,..,..,..,..,..,..,..,..,..,..,..,..,..,..,..,..,..,..,..,..,..,..,..,..,..,..,..,..,..,..,..,..,..,..,..,..,..,..,..,..,..,..,..,..,..,..,..,..,..,..,..,..,..,..,..,..,..,..,..,..,..,..,..,..,..,..,..,..,..,..,..,..,..,..,..,..,..,..,..,..,..,..,..,..,..,..,..,..,..,..,..,..,..,..,..,..,..,..,..,..,..,..,..,..,..,..,..,..,..,..,..,..,..,..,..,..,..,..,..,..,..,..,..,..,..,..,..,..,..,..,..,..,..,..,..,..,..,..,..,..,..,..,..,..,..,..,..,..,..,..,..,..,..,..,..,..,..,..,..,..,..,..,..,..,..,..,..,..,..,..,..,..,..,..,..,..,..,..,..,..,..,..,..,..,..,..,..,..,..,..,..,..,..,..,..,..,..,..,..,..,..,..,..,..,..,..,..,..,..,..,..,..,..,..,..,..,..,..,..,..,..,..,..,..,..,..,..,..,..,..,..,..,..,..,..,..,..,..,..,..,..,..,..,..,..,..,..,..,..,..,..,..,..,..,..,..,..,..,..,..,..,..,..,..,..,..,..,..,..,..,..,..,..,..,..,..,..,..,..,..,..,..,..,..,..,..,..,..,..,..,..,..,..,..,..,..,..,..,..,..,92.2,93.64,92.29,93.3,93.39,94.93,95.5,95.67,95.04,96.26,95.36,93.74,93.73,91.98,92.06,92.81,93.17,93.02,93.24,94.65,93.98,94.41,93.81,93.41,93.5,94.4,93.11,93.99,93.89,94.19,94.52,94.44,94.47,95.14,95.36,94.71,94.68,95.73,94.55,95.25,95.44,95.97,95.78,95.78,95.83,96.44,96.41,96.58,97.27,95.63,95.69,96.7,97.09,97.61,97.95,98.79,98.47,98.51,97.81,98.01,97.88,99.08,97.06,97.7,97.72,98.22,98.22,98.25,99.18,99.04,98.36,98.23,99.06,98.38,98.35,99.16,99.23,99.74,99.8,100.02,99.88,99.99,99.06,98.65,97.54,98.58,97.71,98.29,98.48,99.06,99.13,99.47,99.87,100.1,99.37,98.72,98.2,100.38,99.19,99.73,99.47,99.82,100.15,100.03,100.32,101.53,100.96,100.23,100.82,100.09,99.66,100.03,100.09,100.65,100.84,100.85,100.68,101.45,101.46,101.37,101.02,102.27,101.01,101.66,101.46,101.89,102.4,102.31,102.23,102.42,101.8,101.35,101.24,102.42,101.48,102.32,102.4,102.78,102.88,102.71,102.68,102.84,102.37,102.4,103.28,101.82,101.37
